Unnamed: 0,UEI,Start Date,End Date,Duration(Days),Main Cause,Location,Districts,State,Latitude,Longitude,Severity,Area Affected,Human fatality,Human injured,Human Displaced,Animal Fatality,Description of Casualties/injured,Extent of damage ,Event Source,Event Souce ID,District_LGD_Codes,State_Codes
576,UEI-IMD-FL-1969-0002,1969-07-15,22-07-1969 00:00,8.0,floods,,"Beedar, Kalaburagi, Belagavi, Yadgir, Bagalkotee, Raichur, Koppal, Gadag, Ballari, Dharwad, Uttar Kashia Kannada, Haveri, Chitradurga, Davangere, Shivamogga, Udupi, Chikkamagaluru, Chikkaballapura, Hassan, Kolar, Bengaluru Rural, Dakshina Kannada, Bengaluru Urban, Kodagu, Chamarajanagaraa, Tumakuru, Ramanagara, Mandya, Mysuru, Vijayapura, Kasaragod, Wayanad, Kozhikode, Malappuram, Palakkad, Thrissur, Idukki, Ernakulam, Alappuzha, Kottayam, Pathanamthitta, Kollam, Thiruvananthapuram, Kannur","Karnataka, Kerala",,,,,,,,,,,IMD,,"None, 538, 527, 635, None, 546, 543, 537, 528, 536, None, 540, 533, 535, 547, 549, 532, 630, 539, 542, 526, 534, 525, 541, None, 548, 631, 544, 545, 530, 558, 567, 561, 562, 563, 566, 556, 555, 554, 560, 564, 559, 565, 557","29,32"
611,UEI-IMD-FL-1972-0003,1972-06-01,07-06-1972 00:00,7.0,heavy rains,,Tumakuru,Karnataka,,,,,,,,,,"Caused large scale damage to crops,houses. ",IMD,,548,29
639,UEI-IMD-FL-1974-0005,1974-07-22,28-07-1974 00:00,7.0,floods,,"Kasaragod, Wayanad, Kozhikode, Malappuram, Palakkad, Thrissur, Idukki, Ernakulam, Alappuzha, Kottayam, Pathanamthitta, Kannur,Beedar, Kalaburagi, Belagavi, Yadgir, Bagalkotee, Raichur, Koppal, Gadag, Ballari, Dharwad, Uttar Kashia Kannada, Haveri, Chitradurga, Davangere, Shivamogga, Udupi, Chikkamagaluru, Chikkaballapura, Hassan, Kolar, Bengaluru Rural, Bengaluru Urban, Kodagu, Chamarajanagaraa, Tumakuru, Ramanagara, Mandya, Mysuru, Vijayapura","Kerala, Karnataka",,,,,,,,,,"Causing extensive damage to crops,property worth several lakhs of rupees. Many were rendered homelesss. Loss of life was also reported. The worst affected district in Kerala was Idikki which also experienced landslides",IMD,,"558, 567, 561, 562, 563, 566, 556, 555, 554, 560, 564, 557, None, 538, 527, 635, None, 546, 543, 537, 528, 536, None, 540, 533, 535, 547, 549, 532, 630, 539, 542, 526, 525, 541, None, 548, 631, 544, 545, 530","32,29"
660,UEI-IMD-FL-1975-0021,1975-06-15,30-06-1975 00:00,16.0,floods,,"Udupi, Dakshina Kannada,Uttar Kashia Kannada",Karnataka,,,,,,,,,,Inundated large areas including the newly Mangalore New Port railway line,IMD,,"549, 534, None",29
661,UEI-IMD-FL-1975-0022,1975-06-15,30-06-1975 00:00,16.0,heavy rains,,"Raichur, Bijapur,Belagavi",Karnataka,,,,,,,,,,"Many huts collapsed, Jowar, Bajra,Groundnut crops",IMD,,"546, 636, 527",29
662,UEI-IMD-FL-1975-0023,1975-08-01,27-08-1975 00:00,27.0,heavy rains,," Krishna, Srikakulam,Hyderabad",Karnataka,,,,,,,,,,The rail track over a length of 250 metres in the Raipur - Vizianagaram was breahed,IMD,,"510, 519, 507",29
725,UEI-IMD-FL-1978-0030,1978-07-15,21-07-1978 00:00,7.0,moderate to severe,,"Mudigere, Mangalore,Dharwad",Karnataka,,,,,9.0,,,,"5 persons died,4 washed away","Many houses collapsed, traffic between Mangalore,Mudigere suspended",IMD,,"None, None, 536",29
726,UEI-IMD-FL-1978-0031,1978-07-22,28-07-1978 00:00,7.0,moderate to severe,,"Mangalore, Dakshina Kannada",Karnataka,,,,,4.0,2.0,,,"2 persons drowned,electrocuted in flooded Netrawati, 2 persons died near Bajpe","58 houses damaged, traffic between Mangalore,Bengaluru Rural National Highway disrupted",IMD,,"None, 534",29
775,UEI-IMD-FL-1979-0013,1979-08-02,02-08-1979 00:00,1.0,moderate floods,,Bagalkotee,Karnataka,,,,,,,,,,"National highway flooded,communication disrupted",IMD,,,29
776,UEI-IMD-FL-1979-0014,1979-08-03,04-08-1979 00:00,2.0,severe floods ,,,Karnataka,,,,,,,,,,i)People in low-lying areas evacuated ii)Paddy fields submerged,IMD,,,29
777,UEI-IMD-FL-1979-0015,1979-09-13,13-09-1979 00:00,1.0,heavy rains,,"Bengaluru Rural,Rugi",Karnataka,,,,,35.0,2.0,,,"2 children drowned when low lying areas flooded, 35 people died in house collapse","12 houses,2 huts damaged",IMD,,"526, None",29
778,UEI-IMD-FL-1979-0016,1979-09-16,16-09-1979 00:00,1.0,moderate floods,,Kolar,Karnataka,,,,,,,,,,i)Heavy damage to standing crops due breaches in tanks ii)Loss estimated Rs. 2.5 lakhs,IMD,,542,29
780,UEI-IMD-FL-1979-0018,1979-09-22,28-09-1979 00:00,7.0,severe floods ,,Vijayapura,Karnataka,,,,,,,,,,600 people marooned by flood waters,IMD,,530,29
779,UEI-IMD-FL-1979-0017,1979-09-25,25-09-1979 00:00,1.0,heavy rains,,Belagavi,Karnataka,,,,,,,,,,"30 houses collapsed, affected families shifted to safer places",IMD,,527,29
781,UEI-IMD-FL-1979-0019,1979-10-08,08-10-1979 00:00,1.0,heavy rains,,Bengaluru Rural,Karnataka,,,,,1.0,20.0,,,"A child killed,20 injured in house collapse","Low lying areas flooded,slums submerged",IMD,,526,29
782,UEI-IMD-FL-1979-0020,1979-11-16,16-11-1979 00:00,1.0,heavy rains,, Gadag,Karnataka,,,,,,,,1500,"Above 1,500 sheep gazing in a field washed away",,IMD,,537,29
841,UEI-IMD-FL-1980-0018,1980-07-01,07-07-1980 00:00,7.0,heavy rains,,Dharwad,Karnataka,,,,,3.0,4.0,,,"2 persons drowned, 1 girl killed,2 seriously injured in house collapsed","i)10,117 hectares of cultivable land under flood waters ii)Extensive damage to paddy,coconut gardens iii)Loss estimated : Rs. 70 lakhs",IMD,,536,29
839,UEI-IMD-FL-1980-0016,1980-07-02,02-07-1980 00:00,1.0,moderate floods,,"Chikkamagaluru, Dakshina Kannada",Karnataka,,,,,,,,,Several heads of cattle washed away,"i)A mini dam breached in Kudremukh stock-pile area ii)15 huts collapsed , i)Inundation of large tracks of land ii)Dislocation of vehicular traffic iii)Disruption of telecommunication system iv)Bandtal taluk marooned completely v)Total less estimated : Rs. 2 Lakhs",IMD,,"532, 534",29
840,UEI-IMD-FL-1980-0017,1980-07-05,05-07-1980 00:00,1.0,moderate floods,,Uttar Kashia Kannada,Karnataka,,,,,,,,,,i)Paddy crop in 2500 hectares damaged ii)100 coconut palms washed away in Honavar,IMD,,,29
842,UEI-IMD-FL-1980-0019,1980-08-08,14-08-1980 00:00,7.0,"heavy rains, moderate floods",,"Kodagu, Uttar Kashia Kannada",Karnataka,,,,,3.0,3.0,,800,i)3 women drowned ii)800 heads of cattle washed away,"i)457 families affected due to house collapses ii)800 hectares of land damaged iii)Loss estimated : Rs. 5 lakhs , i)20 villages with 10,000 population marooned in Honavar ii)Power generation in Sharavati hydel project affected iii)Total damages estimated : Rs.25 lakhs",IMD,,"541, None",29
843,UEI-IMD-FL-1980-0020,1980-08-22,28-08-1980 00:00,7.0,heavy rains,,Kalaburagi,Karnataka,,,,,7.0,,,,7 persons died in house collapse,,IMD,,538,29
909,UEI-IMD-FL-1981-0026,1981-08-01,07-08-1981 00:00,7.0,heavy rains,,Uttar Kashia Kannada,Karnataka,,,,,,,,,,Landslides at many places disrupting the traffic,IMD,,,29
910,UEI-IMD-FL-1981-0027,1981-08-15,21-08-1981 00:00,7.0,"cauvery,kabini rivers in floods",,Mysuru,Karnataka,,,,,,,,,,About a dozen villages affected,IMD,,545,29
911,UEI-IMD-FL-1981-0028,1981-09-03,03-09-1981 00:00,1.0,heavy rains,, Ballari,Karnataka,,,,,,,,,,"(a)25 houses,100 huts collapsed (b)179 huts,68 houses collapsed",IMD,,528,29
912,UEI-IMD-FL-1981-0029,1981-09-10,10-09-1981 00:00,1.0,heavy rains following cloud burst,,Kolar,Karnataka,,,,,2.0,,,,2 persons died in a house collapse,(i)24 tanks breached destroying standing crops ovr a large area. Loss of crop estimated Rd. 40 lacs (ii)Rail-cabin on the railway station washed away (iii)200 metre of rail track swept away (iv) 3 bridges collapsed (v)Roof of a bus stand collapsed (vi)Scores of cattle reported missing,IMD,,542,29
913,UEI-IMD-FL-1981-0030,1981-09-22,28-09-1981 00:00,7.0,flash floods in basrur river,,"Udupi, Dakshina Kannada",Karnataka,,,,,,10.0,,,"10 persons including 6 women,4 school children feared drowned",,IMD,,"549, 534",29
988,UEI-IMD-FL-1982-0016,1982-05-23,23-05-1982 00:00,1.0,heavy rains,, Shivamogga,Karnataka,,,,,6.0,,,,6 persons crushed under  a tree at Bharmappanagar.,,IMD,,547,29
992,UEI-IMD-FL-1982-0020,1982-08-01,07-08-1982 00:00,7.0,moderate (tungabhadra - river),,Ballari,Karnataka,,,,,,,,,,"Standing crops in Hadagali, Halava galu & Harpanahalli taluks damaged.",IMD,,528,29
991,UEI-IMD-FL-1982-0019,1982-08-01,14-08-1982 00:00,14.0,moderate,,Dakshina Kannada,Karnataka,,,,,1.0,,,,One person died.,,IMD,,534,29
989,UEI-IMD-FL-1982-0017,1982-08-01,14-08-1982 00:00,14.0,moderate (tunga river) ,, Shivamogga,Karnataka,,,,,2.0,,,,2 persons died.,"(i) Over 350 houses,large number of huts inundated. (ii). Vehicular traffic disrupted.",IMD,,547,29
990,UEI-IMD-FL-1982-0018,1982-08-01,14-08-1982 00:00,14.0,"severe (ne travathi, sharavathi, aghana shini. & varada rivers.",,Uttar Kashia Kannada,Karnataka,,,,,16.0,,,,"16 persons killed in Honawar,Kumta taluks. ","(i) 28 villages in Kumta taluk submerged. (ii) A large area of paddy fields submerged. (iii) One primary school building washed away. (iv) 3000 houses destroyed. . (v) Property worth Rs.2 crore in Bhatkal, Honawar & Kumta taluks  affected.",IMD,,,29
1076,UEI-IMD-FL-1983-0042,1983-01-22,28-01-1983 00:00,7.0,"severe (krishna, ghatprabha,vedganga)",,"Belagavi, Vijayapura, Kalaburagi",Karnataka,,,,,9.0,1.0,,,(i) 9 persons died (ii) A sheperd boy trapped from 28 to 30 June on an island formed by flood waters of Krishna about 1 km from Narainpur dist,"(i) 9 villages marooned,5 submerged (ii)Hundreds of houses in Sankeswar, Gokak,surrounding villages damaged. extensive damage to property in Hukkeri,Chikodi taluks reported (iii)Standing crops extensively damaged",IMD,,"527, 530, 538",29
1075,UEI-IMD-FL-1983-0041,1983-06-15,15-06-1983 00:00,1.0,heavy rains,,Bengaluru Rural,Karnataka,,,,,,,,,2 children died in ahouse collapse in JP Nagar,,IMD,,526,29
1077,UEI-IMD-FL-1983-0043,1983-08-08,14-08-1983 00:00,7.0,moderate(bhima),,Koppal,Karnataka,,,,,,,,,,"(i)The road link between Bijapur, Kalaburagi disrupted (ii)People from Mashal, Manhur,Madiyal shifted to safer places",IMD,,543,29
1078,UEI-IMD-FL-1983-0044,1983-09-10,10-09-1983 00:00,1.0,heavy rains,,Bengaluru Rural,Karnataka,,,,,4.0,,,,4 children died in 3 separate accidents of house collapse in the city ,,IMD,,526,29
1079,UEI-IMD-FL-1983-0045,1983-09-23,23-09-1983 00:00,1.0,heavy rains,,Raichur,Karnataka,,,,,4.0,,,, 4 persons died in  a house collapse in Kallur,,IMD,,546,29
1173,UEI-IMD-FL-1984-0030,1984-06-15,15-06-1984 00:00,1.0,severe,,Kodagu,Karnataka,,,,,1.0,,,,1 person washed away near Napeklu,,IMD,,541,29
1174,UEI-IMD-FL-1984-0031,1984-06-16,16-06-1984 00:00,1.0,heavy rains,,Dakshina Kannada,Karnataka,,,,,,,,,,"i)Several houses,roof tops collapsed ii)Many trees, electric wires blown off iii)Mangala Express between Bengaluru Rural,Mangalore cancelled due to landslide between Yedekumari,Shrivagilu",IMD,,534,29
1175,UEI-IMD-FL-1984-0032,1984-07-02,03-07-1984 00:00,2.0,heavy rains,,"Chikkamagaluru, Shivamogga",Karnataka,,,,,15.0,,,,"13 plantation workers died in a massive landslide in Mudigere taluka, 2 workers killed in a landslide",,IMD,,"532, 547",29
1176,UEI-IMD-FL-1984-0033,1984-07-08,14-07-1984 00:00,7.0,severe,,"Chikkaballapura, Kodagu,Shivamogga",Karnataka,,,,,1.0,,,,A 5-year old boy washed away at Madikere,"i)Vast stretch of Paddy field flooded ii)Vehicular traffic between Chikkaballapura,Shivamogga disrupted",IMD,,"630, 541, 547",29
1177,UEI-IMD-FL-1984-0034,1984-10-01,01-10-1984 00:00,1.0,heavy rains,,Bengaluru Rural,Karnataka,,,,,1.0,,,,1 person died in house collapse,Several huts collapsed,IMD,,526,29
1277,UEI-IMD-FL-1985-0027,1985-05-12,12-05-1985 00:00,1.0,heavy rains,,Hassan,Karnataka,,,,,5.0,17.0,,,"5 people killed,17 other injured when a shed housing a touring cinema atbShravanabelegola collapsed",,IMD,,539,29
1278,UEI-IMD-FL-1985-0028,1985-09-28,28-09-1985 00:00,1.0,flash floods,,Mysuru,Karnataka,,,,,5.0,,,,5 persons drowned in Derkanambi village of Gundalpet tehsil,,IMD,,545,29
1358,UEI-IMD-FL-1986-0034,1986-05-31,31-05-1986 00:00,1.0,flash floods,,Ballari,Karnataka,,,,,19.0,,,,19 persons residing in 4 huts on the bank of a hilly stream in Narihalla Sandur tehsil washed away,,IMD,,528,29
1359,UEI-IMD-FL-1986-0035,1986-06-03,03-06-1986 00:00,1.0,heay rains,,Bijapur,Karnataka,,,,,2.0,,,,2 persons died in a house collapsed in Aacharra katti area of the Bijapur city,,IMD,,636,29
1360,UEI-IMD-FL-1986-0036,1986-08-01,14-08-1986 00:00,14.0,severe,,"Chikkaballapura, Surendranagar, Mandya,Uttar Kashia Kannada",Karnataka,,,,,9.0,,,,"8 persons electrocuted,one washed away near Srirangapatnam","i)In Chikkaballapura district, 12 houses collapsed. A private bus capsized in flood waters. A school building collapsed at Lingadahalli village, 60 km from Chikkaballapura town ii)Flood water of Tunga river inundated Shivamogga-Thirthahalli road at Mandagadde village by 3 feet. Vehicular traffic completely disrupted iii)Vehicular traffic on the national highway between Bengaluru Rural,Mangalore suspended due to landslide",IMD,,"630, 460, 544, None",29
1361,UEI-IMD-FL-1986-0037,1986-09-17,17-09-1986 00:00,1.0,heavy rains,,Bengaluru Rural,Karnataka,,,,,4.0,,,,4 persons died due to house collapse in Rahmatnagar area of Bengaluru Rural city,,IMD,,526,29
1362,UEI-IMD-FL-1986-0038,1986-09-22,22-09-1986 00:00,1.0,heavy rains,,Bengaluru Rural,Karnataka,,,,,1.0,,,,1 woman killed in Bengaluru Rural city,600 huts in the low lying areas of the Bengaluru Rural city collapsed,IMD,,526,29
1424,UEI-IMD-FL-1987-0016,1987-05-10,10-05-1987 00:00,1.0,heavy rains,,Belagavi,Karnataka,,,,,4.0,2.0,,,"4 persons died,2 other injured near Desur in Khanapur talukas",,IMD,,527,29
1425,UEI-IMD-FL-1987-0017,1987-10-02,02-10-1987 00:00,1.0,heavy rains,,Chitradurga,Karnataka,,,,,41.0,,,,"21 persons drowned,20 other missing when a private bus swept away at Hale Yellanadu by flooded nullah",,IMD,,533,29
1426,UEI-IMD-FL-1987-0018,1987-10-07,07-10-1987 00:00,1.0,heavy rains,,Bengaluru Rural,Karnataka,,,,,,,,,,"A railway bridge between Ramanagaram,Bidadi in Bengaluru Rural-Mysuru section collapsed",IMD,,526,29
1427,UEI-IMD-FL-1987-0019,1987-10-08,08-10-1987 00:00,1.0,heavy rains,,Bengaluru Rural,Karnataka,,,,,2.0,,,,"2 children died when a wall of a mud house collapsed at Devarjeewanhalli,Mosque Road areas of Bengaluru Rural city",2 houses collapsed,IMD,,526,29
1428,UEI-IMD-FL-1987-0020,1987-10-15,15-10-1987 00:00,1.0,flash floods,,Chikkaballapura,Karnataka,,,,,,,,,,"i)Loss of property worth Lakhs of rupees reported ii)Large number of houses collapsed iii)An old temple at Kalasapura village collapsed iv)Extensive landslides reported in Bababudangiri, Chikkaballapura,Kemmangundi areas",IMD,,630,29
1487,UEI-IMD-FL-1988-0034,1988-04-26,26-04-1988 00:00,1.0,heavy rains,,Raichur,Karnataka,,,,,5.0,,,,i)4 persons died in a house collapse at Gobbarkar village ii)A boy was killed at Manvi village,,IMD,,546,29
1488,UEI-IMD-FL-1988-0035,1988-07-05,05-07-1988 00:00,1.0,heavy rains,,Bengaluru Rural,Karnataka,,,,,6.0,,,,6 persons died,"i)Several Kachchha houses collapsed affecting hundreds of people ii)Several people evacuated in low lying areas of Padarayanapura,  Byaparayanapura, Frazer,Gouripadaya towns",IMD,,526,29
1489,UEI-IMD-FL-1988-0036,1988-07-15,18-07-1988 00:00,4.0,heavy rains,,"Bengaluru Rural,Mangalore",Karnataka,,,,,2.0,,,,2 persons killed at Cuff road in Bengaluru Rural city,"i)In Mangalore city 2 houses collapsed,15 damaged ii)Low lying areas innundated in flood water",IMD,,"526, None",29
1490,UEI-IMD-FL-1988-0037,1988-07-20,20-07-1988 00:00,1.0,heavy rains,,"Hassan, Shivamogga",Karnataka,,,,,10.0,,,,"1 woman,3 children died due to hut collpased, 6 persons died",Wall of Channakeshava temple collapsed in Belur taluka,IMD,,"539, 547",29
1491,UEI-IMD-FL-1988-0038,1988-07-22,22-07-1988 00:00,1.0,heavy rains,,Kodagu,Karnataka,,,,,,,,,,"i)Somawarpet,Virajpet talukas worst affected ii)Two bridges,5 Kachchha houses collapsed iii)Around 400 acres under paddy completely destroyed due to landslide",IMD,,541,29
1492,UEI-IMD-FL-1988-0039,1988-08-07,09-08-1988 00:00,3.0,heavy rains,,Belagavi,Karnataka,,,,,5.0,,,,"5 persons killed in house collapse at Gokak,Raibhag taluka","A bridge in Amodghat section collapsed,another bridge submerged under flood water disrupting vehicular traffic",IMD,,527,29
1493,UEI-IMD-FL-1988-0040,1988-08-25,26-08-1988 00:00,2.0,heavy rains,,Bengaluru Rural,Karnataka,,,,,2.0,,,,"1 woman,a child died in a hut collapse at Kanteeravanagar",i)8 huts collapsed ii)Low lying areas of the city innundated,IMD,,526,29
1494,UEI-IMD-FL-1988-0041,1988-08-28,29-08-1988 00:00,2.0,heavy rains,,"Beedar, Dharwad, Raichur,Tumakuru",Karnataka,,,,,4.0,,,,1 person killed in a house collapse in Dharwad while 3 died in Tumkur,i)Large number of houses/huts damaged ii)River embankment breached at many places,IMD,,"None, 536, 546, 548",29
1495,UEI-IMD-FL-1988-0042,1988-09-09,09-09-1988 00:00,1.0,heavy rains,,Bengaluru Rural,Karnataka,,,,,10.0,,,,"10 persons including 4 children died,many either injured",i)Normal life in the city completely paralysed ii)Low lying area innundated,IMD,,526,29
1496,UEI-IMD-FL-1988-0043,1988-09-11,11-09-1988 00:00,1.0,heavy rains,,"Bengaluru Rural, Bijapur,Tumakuru",Karnataka,,,,,25.0,25.0,,,"i)18 persons died,25 other injured in different parts of Bengaluru Rural city ii)7 people killed in house collapse in Bijapur,Tumkur district","In Bengaluru Rural 5,000 families rendered homeless",IMD,,"526, 636, 548",29
1497,UEI-IMD-FL-1988-0044,1988-09-22,28-09-1988 00:00,7.0,flash floods,,"Bijapur,Dharwad",Karnataka,,,,,12.0,,,,"12 persons, 10 from Bijapur died","i)2,225 houses damaged ii)Kharif crops badly destroyed",IMD,,"636, 536",29
1576,UEI-IMD-FL-1989-0018,1989-06-05,05-06-1989 00:00,1.0,flash flood,,Beedar,Karnataka,,,,,7.0,,,,7 members of a family swept away in Rajolanala in Gunahalli,,IMD,,,29
1577,UEI-IMD-FL-1989-0019,1989-07-06,07-07-1989 00:00,2.0,heavy rains,,Uttar Kashia Kannada,Karnataka,,,,,2.0,,,,2 person died at Machali village near Uttara Kannada-Goa border,"i)Large number of trees uprooted disrupting power supply ii)Low lying areas flooded iii)Vehicular traffic,telecommunication services disrupted",IMD,,,29
1578,UEI-IMD-FL-1989-0020,1989-07-12,12-07-1989 00:00,1.0,heavy rains,,Dharwad,Karnataka,,,,,1.0,,,,1 person died in house collapse at Shirol village in Nargund taluka,"i)30 houses washed away in Beladadi,Sajjapur villages in Gadag taluka ii)2 hay stocks washed away in Mundargi iii)A tank in Kadaramandalagi village in Ranebennur taluka breached iv)Vehicular traffic between Mundargi,Gadag completely disrupted",IMD,,536,29
1579,UEI-IMD-FL-1989-0021,1989-07-13,13-07-1989 00:00,1.0,heavy rains,,Kolar,Karnataka,,,,,,,,,,"More than 10 houses collapsed,76 houses damaged in Bamboo Bazar area in Srinivasapura",IMD,,542,29
1580,UEI-IMD-FL-1989-0022,1989-07-16,16-07-1989 00:00,1.0,heavy rains,,"Bengaluru Rural, Beedar",Karnataka,,,,,4.0,,,,"45 years old man died due to roof collapse at Balepet , i)3 boys washed away ii)Several cattleheads perished","i)Large quantity of food grains,fodder stock washed away ii)Roofs of 25 houses blown away iii)Flood water entered into number of houses",IMD,,"526, None",29
1581,UEI-IMD-FL-1989-0023,1989-07-20,26-07-1989 00:00,7.0,"severe, heavy rains",,"Hassan,Shivamogga, Kodagu",Karnataka,,,,,,5.0,,,5 passengers travelling in a bus from Jog falls to Mangalore injured when a tree fell on the bus,"i)Large number of paddy fields submerged ii)Several houses damaged iii)Extensive damage to coffee crop reported iv)Large number of trees/electric/telephone poles uprooted disrupting electric,telecommunication services , i)Several houses collapsed ii)Large number of trees uprooted iii)15 kilometers of the coastline suffered erosion in Udipi tehsil , i) 255 families rendered homeless ii)Plantation,paddy crops submerged iii)Several trees,about 1000 electric poles uprooted. Damage estimated to be worth Rs. 50 lakhs",IMD,,"539, 547, 541",29
1582,UEI-IMD-FL-1989-0024,1989-09-16,16-09-1989 00:00,1.0,heavy rains,,Bengaluru Rural,Karnataka,,,,,,,,,,i)Low lying areas of the city inundated with flood water ii)Number of houses collapsed iii)A bridge washed away,IMD,,526,29
1583,UEI-IMD-FL-1989-0025,1989-09-24,24-09-1989 00:00,1.0,heavy rains,,"Ballari,Dharwad",Karnataka,,,,,1.0,,,,1 person died in Gadag in Dharwad district,i)More than 50 huts collapsed in Janata colony near Habalafolla gate in Gadag ii)About 20 mud houses collapsed in Belagal cross area in Bellary,IMD,,"528, 536",29
1584,UEI-IMD-FL-1989-0026,1989-09-29,30-09-1989 00:00,2.0,heavy rains,,"Bijapur,  Kalaburagi,Raichur",Karnataka,,,,,7.0,,,,7 persons died,i)Hundreds of houses collapsed ii)One railway bridge on Karnataka-Maharashtra border washed away disrupting train services iii)Vast area of agricultural land specially tobacco crop submerged,IMD,,"636, 538, 546",29
1643,UEI-IMD-FL-1990-0025,1990-05-19,19-05-1990 00:00,1.0,heavy rains,,Kolar,Karnataka,,,,,2.0,,,,2 persons died,130 houses collpased,IMD,,542,29
1644,UEI-IMD-FL-1990-0026,1990-05-25,25-05-1990 00:00,1.0,heavy rains,,Dharwad,Karnataka,,,,,,,,,,Several houses damaged/collapsed. Loss estimated worth Rs. 125 lakhs,IMD,,536,29
1645,UEI-IMD-FL-1990-0027,1990-06-14,14-06-1990 00:00,1.0,heavy rains,,"Beedar,  Kalaburagi",Karnataka,,,,,,,,,,i)Normal life paralysed ii)Vehicular traffic disrupted,IMD,,"None, 538",29
1646,UEI-IMD-FL-1990-0028,1990-08-17,17-08-1990 00:00,1.0,heavy rains,,"Belagavi, Beedar, Raichur,Uttar Kashia Kannada",Karnataka,,,,,15.0,,,,i)13 persons died due to house collapse in Uttara Kannada ii)2 persons died in Raichur,"i)10 villages marooned ii)Several houses collapsed in Yadagiri, Shahpur,Afzlpur villages in  Kalaburagi iii)Vehicular traffic disrupted iv)Telecommunication system badly affected",IMD,,"527, None, 546, None",29
1647,UEI-IMD-FL-1990-0029,1990-08-21,21-08-1990 00:00,1.0,heavy rains,,"Belagavi, Beedar,  Kalaburagi,Raichur",Karnataka,,,,,13.0,,,,13 persons died,"i)More than 1,000 houses damaged rendering large number of people homeless ii)In Bidar, standing crop in several hundreds of hectares damaged iii)Estimated loss worth several crores of rupees iv)At least 10 villages marooned in Bidar v)In  Kalaburagi standing crop in 300 acres damaged",IMD,,"527, None, 538, 546",29
1747,UEI-IMD-FL-1991-0027,1991-04-28,28-04-1991 00:00,1.0,heavy rains,,Mysuru,Karnataka,,,,,2.0,,,,"2 children,a woman died",19 huts washed away,IMD,,545,29
1748,UEI-IMD-FL-1991-0028,1991-05-04,04-05-1991 00:00,1.0,heavy rains,,Mysuru,Karnataka,,,,,2.0,,,,2 persons died,"Many houses,industrial shades inundated",IMD,,545,29
1749,UEI-IMD-FL-1991-0029,1991-05-09,09-05-1991 00:00,1.0,heavy rains,,"Bengaluru Rural, Ballari,Tumakuru",Karnataka,,,,,8.0,4.0,,,"8 persons died,4 other injured",Wall of one old house collapsed,IMD,,"526, 528, 548",29
1750,UEI-IMD-FL-1991-0030,1991-05-25,25-05-1991 00:00,1.0,heavy rains,,Ballari,Karnataka,,,,,4.0,,,,4 persons died when a tree fell on them at Harapanahally,,IMD,,528,29
1751,UEI-IMD-FL-1991-0031,1991-06-05,05-06-1991 00:00,1.0,heavy rains,,Chikkamagaluru,Karnataka,,,,,1.0,,,,1 person died due to wall collapse at at Narayanpur near Ajjampur,,IMD,,532,29
1752,UEI-IMD-FL-1991-0032,1991-06-27,27-06-1991 00:00,1.0,heavy rains,,Dharwad,Karnataka,,,,,,,,,,"About 100 houses completely,500 partially damaged rendering several people homeless",IMD,,536,29
1753,UEI-IMD-FL-1991-0033,1991-07-06,10-07-1991 00:00,5.0,heavy rains,,Mangalore,Karnataka,,,,,,,,,,"2 buildings collapsed,6 huts damaged",IMD,,,29
1754,UEI-IMD-FL-1991-0034,1991-07-08,08-07-1991 00:00,1.0,heavy rains,,,Karnataka,,,,,,,,,,i)Many parts of the Karwar town marooned ii)8 houses collapsed iii)Lrge number of trees/electric poles uprooted iv)Telecommunication services disrupted,IMD,,,29
1755,UEI-IMD-FL-1991-0035,1991-07-08,09-07-1991 00:00,2.0,heavy rains,,Uttar Kashia Kannada,Karnataka,,,,,2.0,,,,2 persons died,i)Many villages in Honavar inundated ii)300 ouses marooned iii)Paddy field damaged in Belse village of Ankola tehsil,IMD,,,29
1756,UEI-IMD-FL-1991-0036,1991-07-17,17-07-1991 00:00,1.0,heavy rains,,Surendranagar,Karnataka,,,,,1.0,,,,1 person died in Udupi due to house collapse,,IMD,,460,29
1757,UEI-IMD-FL-1991-0037,1991-07-18,18-07-1991 00:00,1.0,heavy rains,,Dharwad,Karnataka,,,,,1.0,,,,1 person died in a house collapse at Hanagal tehsil,,IMD,,536,29
1758,UEI-IMD-FL-1991-0038,1991-07-26,28-07-1991 00:00,3.0,severe flood,,"Chikkamagaluru, Mandya,Mysuru",Karnataka,,,,,7.0,,,,7 persons died,"i)Several villages marooned ii)Large number of houses collapsed iii)1,000 people rendered homeless iv)Brindavan garden submerged v)Ranganathitto,internationally famous bird snctuary near Srirangapatnam extensively damaged",IMD,,"532, 544, 545",29
1759,UEI-IMD-FL-1991-0039,1991-10-28,30-10-1991 00:00,3.0,heavy rains,,"Bengaluru Rural,Kolar",Karnataka,,,,,42.0,,,,"i)13 persons died in a house collapse ii)29 persons died in a train accident between Maklidurga,Thondebhari railway stations about 55 km away from Bengaluru Rural due to haeavy rains",i)Several houses collapsed ii)Large number of irrigation tanks breached,IMD,,"526, 542",29
1760,UEI-IMD-FL-1991-0040,1991-11-09,16-11-1991 00:00,8.0,severe flood,,"Bengaluru Rural,Surendranagar",Karnataka,,,,,27.0,,,1100,"i)27 persons died in a house collapse ii)1,100 cattleheads perished","i)About 1.1 lakh houses either partially or fully damaged ii)Extensive damage to crop, public,private property reported iii)Thousands of people shifted to safer places iv)31,160 hectares of land area submerged",IMD,,"526, 460",29
1869,UEI-IMD-FL-1992-0023,1992-10-07,07-10-1992 00:00,1.0,heavy rains,,Bengaluru Rural,Karnataka,,,,,3.0,,,,3 persons died due to house collapse,500 houses submerged under rain water,IMD,,526,29
1870,UEI-IMD-FL-1992-0024,1992-11-16,18-11-1992 00:00,3.0,heavy rains,,"Beedar, Kalaburagi, Belagavi, Yadgir, Bagalkotee, Raichur, Koppal, Gadag, Ballari, Dharwad, Uttar Kashia Kannada, Haveri, Chitradurga, Davangere, Shivamogga, Udupi, Chikkamagaluru, Chikkaballapura, Hassan, Kolar, Bengaluru Rural, Dakshina Kannada, Bengaluru Urban, Kodagu, Chamarajanagaraa, Tumakuru, Ramanagara, Mandya, Mysuru, Vijayapura",Karnataka,,,,,55.0,,,,55 persons died,i)Thousands of houses damaged ii)Thousands of livestock lost iii)Lakhs of hectares of crop land submerged iv)Extensive damage to crop reported v)The loss estimated to worth Rs 155 crores,IMD,,"None, 538, 527, 635, None, 546, 543, 537, 528, 536, None, 540, 533, 535, 547, 549, 532, 630, 539, 542, 526, 534, 525, 541, None, 548, 631, 544, 545, 530",29
1955,UEI-IMD-FL-1993-0019,1993-08-31,31-08-1993 00:00,1.0,heavy rains,,Raichur,Karnataka,,,,,,,,,,(i) 2 persons washed (1) Hundreds of people rendered homcless. away in Nagalapur tank. (ii) Property worth Rs. one crore damaged. (ii) Several cattleheads perished.,IMD,,546,29
1956,UEI-IMD-FL-1993-0020,1993-10-09,09-10-1993 00:00,1.0,heavy rains,,Raichur,Karnataka,,,,,5.0,,,,5 persons died.,(i) Hundreds of houses collapsed. (ii) 3000 families of slum dwellers rendered homeless.,IMD,,546,29
1957,UEI-IMD-FL-1993-0021,1993-10-11,21-10-1993 00:00,11.0,severe flood,,"Belagavi, Ballari, Bijapur Surendranagar, Kalaburagi,Raichur",Karnataka,,,,,34.0,,,,34 persons died.,"(1) 296 houses completely,1,170 partially damaged. (ii) Standing crop in 40,325 hectares of land in 10 talukas of Belgaum district damaged. (iii) The total loss including loss of public utilities worth Rs. 11.35 crores reported in Belgaum district.",IMD,,"527, 528, None, 538, 546",29
2068,UEI-IMD-FL-1994-0035,1994-06-05,05-06-1994 00:00,1.0,heavy rains,,Uttar Kashia Kannada,Karnataka,,,,,1.0,,,,1 person died,i)Loss of public utilities worth Rs. 1.15 crore reported ii)Road communication on National highway No. 14 disrupted iii)Several trees uprooted,IMD,,,29
2069,UEI-IMD-FL-1994-0036,1994-07-08,14-07-1994 00:00,7.0,severe flood,,"Belagavi, Ballari, Bijapur, Chikkamagaluru, Surendranagar, Dharwad,  Kalaburagi, Hassan, Kodagu, Kolar, Mandya,Mysuru",Karnataka,,,,,58.0,,,2268,"i)58 persons died ii)2,268 cattleheads perished","i)954 villages in 63 tehsils affected ii)Crop worth Rs. 8.92 crores in 51,194 acres of land lost iii)Property worth Rs. 8863 crores damaged",IMD,,"527, 528, 636, 532, 460, 536, 538, 539, 541, 542, 544, 545",29
2070,UEI-IMD-FL-1994-0037,1994-10-06,06-10-1994 00:00,1.0,flash flood,,"Bijapur, Kalaburagi",Karnataka,,,,,8.0,,,6,i)8 persons died ii)6 cattleheads perished,,IMD,,"636, 538",29
2196,UEI-IMD-FL-1995-0039,1995-07-28,28-07-1995 00:00,1.0,heavy rains,,Ballari,Karnataka,,,,,6.0,,,,i)6 persons died ii)Many persons injured,,IMD,,528,29
2360,UEI-IMD-FL-1996-0043,1996-06-13,15-06-1996 00:00,3.0,heavy rains,,"Bengaluru Rural, Ballari, Bijapur, Surendranagar, Kolar",Karnataka,,,,,29.0,15.0,,,"29 persons died,15 other injured","i)Many trees uprooted ii)Roofs of many houses blown off, 150 houses damaged iii)Overhead powerlines snapped",IMD,,"526, 528, 636, 460, 542",29
2361,UEI-IMD-FL-1996-0044,1996-06-14,14-06-1996 00:00,1.0,heavy rains,,Bengaluru Rural,Karnataka,,,,,9.0,12.0,,,"9 persons died,12 other injured in a building collapsed at J.P. Nagar area",,IMD,,526,29
2364,UEI-IMD-FL-1996-0047,1996-08-01,31-08-1996 00:00,31.0,severe flood,,"Beedar, Kalaburagi, Belagavi, Yadgir, Bagalkotee, Raichur, Koppal, Gadag, Ballari, Dharwad, Uttar Kashia Kannada, Haveri, Chitradurga, Davangere, Shivamogga, Udupi, Chikkamagaluru, Chikkaballapura, Hassan, Kolar, Bengaluru Rural, Dakshina Kannada, Bengaluru Urban, Kodagu, Chamarajanagaraa, Tumakuru, Ramanagara, Mandya, Mysuru, Vijayapura",Karnataka,,,,,137.0,,,4456,"i)137 persons died ii)4,456 cattleheads perished","i)Crop worth Rs. 3.16 crores in 22,657 acres dmaged ii)898 houses fully,11,795 houses partially collapsed iii)The total loss to private the public property worth Rs. 24.31 crores, reported",IMD,,"None, 538, 527, 635, None, 546, 543, 537, 528, 536, None, 540, 533, 535, 547, 549, 532, 630, 539, 542, 526, 534, 525, 541, None, 548, 631, 544, 545, 530",29
2362,UEI-IMD-FL-1996-0045,1996-08-11,11-08-1996 00:00,1.0,heavy rains,,Bengaluru Rural,Karnataka,,,,,2.0,7.0,,,"2 persons died,7 injured","i)Low lying areas flooded ii)Many compound walls collapsed iii)Trees,electric uprooted",IMD,,526,29
2363,UEI-IMD-FL-1996-0046,1996-08-26,26-08-1996 00:00,1.0,heavy rains,,Raichur,Karnataka,,,,,,,,,,i)394 huts collapsed ii)Several families rendered homeless iii)Damage worth Rs. 1.5 crores reported,IMD,,546,29
2365,UEI-IMD-FL-1996-0048,1996-09-22,28-09-1996 00:00,7.0,severe flood,,Bijapur,Karnataka,,,,,,,,,,"i)293 houses fully collapsed,4,081 houses badly damaged ii)13 bridges,2 school buildings damaged",IMD,,636,29
2366,UEI-IMD-FL-1996-0049,1996-10-01,02-10-1996 00:00,2.0,heavy rains,,"Belagavi, Ballari, Dharwad, Raichur",Karnataka,,,,,15.0,12.0,,,"15 persons died,12 other injured",i)Many houses collapsed ii)Cinema tent collapsed,IMD,,"527, 528, 536, 546",29
2478,UEI-IMD-FL-1997-0031,1997-04-30,01-05-1997 00:00,2.0,heavy rains,,Raichur,Karnataka,,,,,3.0,,,,3 persons died,,IMD,,546,29
2479,UEI-IMD-FL-1997-0032,1997-05-13,13-05-1997 00:00,1.0,heavy rains,,Mysuru,Karnataka,,,,,,6.0,,,6 persons injured,,IMD,,545,29
2480,UEI-IMD-FL-1997-0033,1997-06-27,27-06-1997 00:00,1.0,heavy rains,,Kodagu,Karnataka,,,,,1.0,,,,1 person died due to wall collapse,,IMD,,541,29
2481,UEI-IMD-FL-1997-0034,1997-07-10,26-07-1997 00:00,4.0,heavy rains,,Dakshina Kannada,Karnataka,,,,,10.0,,,,10 persons died,"i)15 houses collapsed ii)39 houses partially damaged iii)10 hectares of agricultural land submerged iv)1,139 km road damaged v)76 bridges damaged vi)Total estimated loss of Rs 9.22 crore reported",IMD,,534,29
2482,UEI-IMD-FL-1997-0035,1997-10-01,01-10-1997 00:00,1.0,heavy rains,,Bengaluru Rural,Karnataka,,,,,4.0,20.0,,,"4 persons died,20 other injured",i)Low lying areas inundated ii)Several huts in Slum area swept away,IMD,,526,29
2483,UEI-IMD-FL-1997-0036,1997-10-04,04-10-1997 00:00,1.0,flash flood,,Dharwad,Karnataka,,,,,6.0,3.0,,,"6 persons washed away,3 injured in flash flood near Tadahala - Navalgund",,IMD,,536,29
2485,UEI-IMD-FL-1997-0038,1997-10-24,27-10-1997 00:00,4.0,heavy rains,,Shivamogga,Karnataka,,,,,,,,,,i)Many houses damaged ii)Standing as well as harvested crop destroyed iii)Property worth lakhs of rupees destroyed,IMD,,547,29
2484,UEI-IMD-FL-1997-0037,1997-10-27,27-10-1997 00:00,1.0,heavy rains,,Chikkamagaluru,Karnataka,,,,,2.0,,,,2 persons died,i)Estimated loss Rs. 1.4 crores reported ii)10 houses damaged iii)Standing crop destroyed in several places around the city,IMD,,532,29
2486,UEI-IMD-FL-1997-0039,1997-11-26,26-11-1997 00:00,1.0,heavy rains,,Mysuru,Karnataka,,,,,,,,,,i)Low lying areas inundated ii)Normal life disrupted iii)Damage to crops reported,IMD,,545,29
2627,UEI-IMD-FL-1998-0036,1998-06-30,30-06-1998 00:00,1.0,heavy rains,,"Kodagu, Uttar Kashia Kannada, Dakshina Kannada",Karnataka,,,,,5.0,,,,"1 person swept away at Peraje, 4 members of a family buried alive under a hillock, when it collapsed due to heavy rains at Neerumarga in Mangalore taluka","Several low lying areas inundated , i)Landslides reported near Thethikallu village from where 16 families evacuated ii)Low lying areas inundated,many paddy field swept away iii)Many houses collapsed,more than one hundred partially damaged iv)A pump house,a well collapsed in Honavar taluka v)Big banyan trees, arecanut, coconut,jack fruit trees fell vi)Large number of electric,telephone poles uprooted disruptingpower supply,telecommunication links",IMD,,"541, None, 534",29
2628,UEI-IMD-FL-1998-0037,1998-07-01,01-07-1998 00:00,1.0,flash flood,,"Kodagu,Shivamogga",Karnataka,,,,,6.0,,,1,"i)5 persons washed away,an old woman died under a wall collapse in Kodagu district ii)An elephant washed away in Shivamogga district ",i)A few houses collapsed/damaged ii)Many paddy fields inundated iii)Several roads/bridhges damaged,IMD,,"541, 547",29
2629,UEI-IMD-FL-1998-0038,1998-07-04,04-07-1998 00:00,1.0,flash flood,,Dakshina Kannada,Karnataka,,,,,3.0,,,,"i)2 persons washed away when a bridge on the river Dasikhan collapsed near Hosangodi,Siddapura ii)A person died due to electrocution at Palimaru when an electric wire snapped",,IMD,,534,29
2630,UEI-IMD-FL-1998-0039,1998-07-20,20-07-1998 00:00,1.0,heavy rains,,Bengaluru Rural,Karnataka,,,,,1.0,,,,A 6-year old boy died when a wall collapsed upon him in Ulsoor areas of Bengaluru Rural city,,IMD,,526,29
2631,UEI-IMD-FL-1998-0040,1998-07-23,23-07-1998 00:00,1.0,heavy rains,,Bengaluru Rural,Karnataka,,,,,,,,,,"i)A few houses collapsed,trees uprooted ii)Low lying areas flooded,waterlogged",IMD,,526,29
2632,UEI-IMD-FL-1998-0041,1998-07-24,24-07-1998 00:00,1.0,flash flood,,Uttar Kashia Kannada,Karnataka,,,,,,,,,A few livestock washed away,"i)Siddapura,Honavar talukas affected ii)15 villages marooned iii)Several houses waterlogged. 38 houses completely collapsed,178 houses partially damaged iv)Thousands of people evacuated to safer places v)Damage to property,agriculture including arecanut,coconut reported",IMD,,,29
2633,UEI-IMD-FL-1998-0042,1998-07-31,31-07-1998 00:00,1.0,flash flood,,Chikkaballapura,Karnataka,,,,,3.0,,,,"A person washed away,two agricultural labourers died in Mudigere taluka",,IMD,,630,29
2634,UEI-IMD-FL-1998-0043,1998-08-01,01-08-1998 00:00,1.0,flash flood,,Dakshina Kannada,Karnataka,,,,,1.0,,,,A man washed away while passing over the bridge at Puttur,,IMD,,534,29
2635,UEI-IMD-FL-1998-0044,1998-08-02,02-08-1998 00:00,1.0,flash flood,,Dakshina Kannada,Karnataka,,,,,1.0,,,,A 3-year old child washed away in a canal at Golithady,,IMD,,534,29
2636,UEI-IMD-FL-1998-0045,1998-08-04,04-08-1998 00:00,1.0,flash flood,,Bengaluru Rural,Karnataka,,,,,1.0,,,,1 persons washed away in the river near Nagarabhavi area of the Bengaluru Rural city,"i)Bengaluru Rural city areas affected inundating low lying areas ii)Several roadside trees in Ulsoor, Chamarajpet, Sheshadri road,Nagarabhavi areas uprooted, disrupting traffic. Many electric poles also uprooted iii)About 10 houses collapsed",IMD,,526,29
2637,UEI-IMD-FL-1998-0046,1998-08-15,15-08-1998 00:00,1.0,heavy  rains,,"Dharwad , Kolar",Karnataka,,,,,2.0,,,,2 children die under a collapsed bus shelter at Dharwad,i)Low lying areas inundated ii)A few houses collapsed,IMD,,"536, 542",29
2640,UEI-IMD-FL-1998-0049,1998-08-16,16-08-1998 00:00,1.0,heavy rains,,Dharwad,Karnataka,,,,,2.0,1.0,,,"1 person died,a woman,a child injured under a collapsed house at Gajendrgad",,IMD,,536,29
2638,UEI-IMD-FL-1998-0047,1998-08-19,19-08-1998 00:00,1.0,heavy rains,,Bengaluru Rural,Karnataka,,,,,,,,,,"Low lying areas inundated, water entered into the shops, bookstalls,telephone booths damaging them heavily",IMD,,526,29
2639,UEI-IMD-FL-1998-0048,1998-08-25,25-08-1998 00:00,1.0,heavy rains,, Kalaburagi,Karnataka,,,,,2.0,,,,2 persons died under a wall when it collapsed followinh heavy rains at Afzalpura,"Damages to roads,bridges reported",IMD,,538,29
2641,UEI-IMD-FL-1998-0050,1998-09-02,02-09-1998 00:00,1.0,heavy rains,,Bengaluru Rural,Karnataka,,,,,1.0,1.0,,,"1 woman died,a girl injured under a collapsed house following heavy rains in the Bengaluru Rural city",,IMD,,526,29
2644,UEI-IMD-FL-1998-0053,1998-09-15,21-09-1998 00:00,7.0,heavy rains,, Kalaburagi,Karnataka,,,,,,,,,,"Cereals, pulses, groundnut, sugarcane in lakhs of hectares damaged",IMD,,538,29
2642,UEI-IMD-FL-1998-0051,1998-09-21,21-09-1998 00:00,1.0,heavy rains,,"Beedar,  Kalaburagi",Karnataka,,,,,2.0,7.0,,,"1 person died at Nagarda village in Chincholi taluka , A 7-year old girl died due to house collapse while 7 other sustained seriously injuries at Hesaragundagi in Afzalpur taluka",,IMD,,"None, 538",29
2643,UEI-IMD-FL-1998-0052,1998-09-23,23-09-1998 00:00,1.0,heavy rains,,Bengaluru Rural,Karnataka,,,,,1.0,2.0,,,"A 70 year old man died,two other injured in a wall collapse in the Bengaluru Rural city","i)A few houses damaged ii)A few trees uprooted, traffic disrupted",IMD,,526,29
2645,UEI-IMD-FL-1998-0054,1998-10-01,14-10-1998 00:00,14.0,heavy rains,,"Beedar, Kalaburagi, Belagavi, Yadgir, Bagalkotee, Raichur, Koppal, Gadag, Ballari, Dharwad, Uttar Kashia Kannada, Haveri, Chitradurga, Davangere, Shivamogga, Udupi, Chikkamagaluru, Chikkaballapura, Hassan, Kolar, Bengaluru Rural, Dakshina Kannada, Bengaluru Urban, Kodagu, Chamarajanagaraa, Tumakuru, Ramanagara, Mandya, Mysuru, Vijayapura",Karnataka,,,,,198.0,34.0,,947,"i)198 persons died,34 other injured ii)947 livestock perished","i)14,515 houses fully,41,958 partially damaged ii)Major,minor crop including cotton, sunflower,onion in several thousand hectares affected iii)Extensive loss to public,private property reported iv)Road stretching about 1055 km damaged v)Some two-wheelers damaged,a car completely crushed under uprooted trees in Bengaluru Rural city,another Maruti car completely crushed due to wall collapse in Chincholi town vi)One canal in Narayanpura village,a tank in Shivamogga district breached,another tank named Dodda ranganath tank in Kollegala town flooded",IMD,,"None, 538, 527, 635, None, 546, 543, 537, 528, 536, None, 540, 533, 535, 547, 549, 532, 630, 539, 542, 526, 534, 525, 541, None, 548, 631, 544, 545, 530",29
2732,UEI-IMD-FL-1999-0023,1999-04-25,26-04-1999 00:00,2.0,heavy rains,,Bengaluru Rural,Karnataka,,,,,,2.0,,,2 scooterists injured,"i)Several trees uprooted, one scooter crushed under a tree ii)Power cables cut off, many areas of the city plunged into darkness",IMD,,526,29
2733,UEI-IMD-FL-1999-0024,1999-05-02,03-05-1999 00:00,2.0,heavy rains,,Bengaluru Rural,Karnataka,,,,,1.0,15.0,,,"1 person died,15 other injured when Thanjavur Express met with an accident due to fall of a tree","i)In Thittamaranahalli - Channapatna, hundreds of coconut, Palm, Mango,Banana trees uprooted ii)About 150 trees uprooted trees uprooted in Bengaluru Rural University iii)Bengaluru Rural-Mysire road traffic disrupted due to uprooted trees,electricity poles",IMD,,526,29
2734,UEI-IMD-FL-1999-0025,1999-05-04,04-05-1999 00:00,1.0,heavy rains,,"Chitradurga,Hassan",Karnataka,,,,,,,,,,"Many houses damaged in Harapanahalli, Arsikere,Kodur",IMD,,"533, 539",29
2735,UEI-IMD-FL-1999-0026,1999-05-05,05-05-1999 00:00,1.0,heavy rains,,"Bengaluru Rural,Bijapur",Karnataka,,,,,1.0,,,,A State transport bus driver electrocuted due to live wire,"i)About 50 trees uprooted in Bengaluru Rural city ii)Mango orchards damaged iii)21 vehicles trapped under uprooted trees iv)Telephone,electricity lines snapped off ",IMD,,"526, 636",29
2736,UEI-IMD-FL-1999-0027,1999-05-07,07-05-1999 00:00,1.0,heavy rains,,Bengaluru Rural,Karnataka,,,,,5.0,,,,5 persons including 2 children died when bus was swept away,,IMD,,526,29
2737,UEI-IMD-FL-1999-0028,1999-05-10,10-05-1999 00:00,1.0,heavy rains,,Bengaluru Rural,Karnataka,,,,,,3.0,,,3 person injured as tree fell upon them,i)2 cars crushed under an uprooted tree ii)Telephone lines affected due to uprooted trees,IMD,,526,29
2738,UEI-IMD-FL-1999-0029,1999-05-12,12-05-1999 00:00,1.0,heavy rains,,Hassan,Karnataka,,,,,1.0,1.0,,,"1 old man died,his wife seriously injured","In Adihalli, 50 coconut trees,several banana plantations uprooted",IMD,,539,29
2739,UEI-IMD-FL-1999-0030,1999-05-14,14-05-1999 00:00,1.0,heavy rains,,"Bengaluru Rural, Tumakuru",Karnataka,,,,,2.0,1.0,,2,"i)One old woman,a chil died under a house collapse ii)One person injured,two goats perished in Malavalli taluka",i)Several trees fell ii)A car damaged due to fall of a tree,IMD,,"526, 548",29
2740,UEI-IMD-FL-1999-0031,1999-06-11,11-06-1999 00:00,1.0,heavy rains,,Uttar Kashia Kannada,Karnataka,,,,,5.0,,,14,"In Kumta,Murudeshwar i)5 persons including one woman died ii)14 cattle heads perished","i)Lakes,ponds over flown ii)27 villages submerged in Honavar taluka",IMD,,,29
2741,UEI-IMD-FL-1999-0032,1999-06-12,12-06-1999 00:00,1.0,heavy rains,,Dakshina Kannada,Karnataka,,,,,,,,,,"i)Landslides reported ii)tiled roofs of several houses,cow sheds blown off iii)Konkan railway track between Honavar,Murudeshwar completely covered by mud due to landslide iv)Mangalore - Karkala road breached at many places,covered with mud due to landslide from nearby hills",IMD,,534,29
2742,UEI-IMD-FL-1999-0033,1999-07-12,24-07-1999 00:00,13.0,severe floods,,"Beedar, Kalaburagi, Belagavi, Yadgir, Bagalkotee, Raichur, Koppal, Gadag, Ballari, Dharwad, Uttar Kashia Kannada, Haveri, Chitradurga, Davangere, Shivamogga, Udupi, Chikkamagaluru, Chikkaballapura, Hassan, Kolar, Bengaluru Rural, Dakshina Kannada, Bengaluru Urban, Kodagu, Chamarajanagaraa, Tumakuru, Ramanagara, Mandya, Mysuru, Vijayapura",Karnataka,,,,,122.0,,,959,i)122 persons died ii)959 cattle died,"i)Major roads submerged forcing traffic deviations ii)Landslides reported on National Highway, 15 km from Yellapura iii)16,828 houses/huts damaged,many houses collapsed rendering many people homeless iv)Extensive damage to property,agriculture reported",IMD,,"None, 538, 527, 635, None, 546, 543, 537, 528, 536, None, 540, 533, 535, 547, 549, 532, 630, 539, 542, 526, 534, 525, 541, None, 548, 631, 544, 545, 530",29
2743,UEI-IMD-FL-1999-0034,1999-08-01,02-08-1999 00:00,2.0,flash flood,," Kalaburagi,Shivamogga",Karnataka,,,,,2.0,,,350,"i)2 persons died ii)A few cows, hundreds of poultry birds,350 sheep washed away","i)In Belkota, Dammur,Ambalga villages, 82 families forced to leave their houses ii)Green gram, Black gram, Jowar, Sesame,Banana on thousands of hectares destroyed iii)14th hair-pin bend in Agumbe ghat collapsed completely causing deep cracks of almost 80 ft,disrupting traffic",IMD,,"538, 547",29
2744,UEI-IMD-FL-1999-0035,1999-10-02,03-10-1999 00:00,2.0,heavy rains,,"Bijapur, Chitradurga,Tumakuru",Karnataka,,,,,11.0,,,,11 persons died in drowning/house collapse ,"30 houses,one school building collapsed",IMD,,"636, 533, 548",29
2745,UEI-IMD-FL-1999-0036,1999-10-13,13-10-1999 00:00,1.0,flash flood,,Dharwad,Karnataka,,,,,2.0,,,,i)2 persons washed away ii)A few sheep also washed away,i)22 villages inundated ii)16 houses collapsed iii)Damage to crop reported,IMD,,536,29
2746,UEI-IMD-FL-1999-0037,1999-10-15,15-10-1999 00:00,1.0,heavy rains,,Bengaluru Rural,Karnataka,,,,,1.0,,,,1 woman died in a house collapse,,IMD,,526,29
2747,UEI-IMD-FL-1999-0038,1999-10-18,18-10-1999 00:00,1.0,heavy rains,,Dakshina Kannada,Karnataka,,,,,,,,,,"In Udipi, 3500 lines in Manipal telephone exchange went out of order",IMD,,534,29
2748,UEI-IMD-FL-1999-0039,1999-10-22,22-10-1999 00:00,1.0,heavy rains,,Chitradurga,Karnataka,,,,,1.0,,,,1 woman washed away in Hiriyur,,IMD,,533,29
2749,UEI-IMD-FL-1999-0040,1999-10-24,24-10-1999 00:00,1.0,heavy rains,,Mysuru,Karnataka,,,,,1.0,1.0,,,"In Mysuru city, one person died,another injured in house collapse",,IMD,,545,29
2750,UEI-IMD-FL-1999-0041,1999-10-26,26-10-1999 00:00,1.0,heavy rains,,Kolar,Karnataka,,,,,5.0,5.0,,,"4 members of a family,one woman died,5 other injured in house collapse at Masthi",,IMD,,542,29
2751,UEI-IMD-FL-1999-0042,1999-10-27,27-10-1999 00:00,1.0,heavy rains,,Mandya,Karnataka,,,,,,,,,,i)Mysuru - Arasikere sector railway line damaged ii)Standing crop in a few hectares damaged as the crop area inundated in Krishnarajpet,IMD,,544,29
2838,UEI-IMD-FL-2000-0035,2000-06-05,07-06-2000 00:00,3.0,heavy rains,,"Bengaluru Rural, Chikkaballapura, Dakshina Kannada, Kodagu,Uttar Kashia Kannada",Karnataka,,,,,3.0,7.0,,,"3 persons died,7 injured in different incidents","(i) 50 houses swallowed by rising sea at Kotpur(Mangalore) of Dakshina Kannada District (ii) Several trees like Devadaru, Banyan, Coconut, Arecanut, Mangoes,Coffee plantations uprooted. On Narndra Bale garden on 5 acre completely razed to the ground (iii) Power supply,traffic disrupted",IMD,,"526, 630, 534, 541, None",29
2839,UEI-IMD-FL-2000-0036,2000-06-08,08-06-2000 00:00,1.0,heavy rains,,"Dakshina Kannada,Uttar Kashia Kannada",Karnataka,,,,,,,,,,"(i) Nearly 50 houses damaged,roofs of 22 tiled houses blown off (ii) One cement bridge completely destroyed",IMD,,"534, None",29
2840,UEI-IMD-FL-2000-0037,2000-06-10,12-06-2000 00:00,3.0,heavy rains,,"Davangere, Uttar Kashia Kannada,Shivamogga",Karnataka,,,,,5.0,,,,"1 woman,4 children died","One well,pump shed destroyed due to landslide in Kunta. Estimated loss upto 35000 rs.",IMD,,"535, None, 547",29
2841,UEI-IMD-FL-2000-0038,2000-06-29,30-06-2000 00:00,2.0,heavy rains,,"Ballari,Beedar",Karnataka,,,,,,,,,,"(i)Repair works of right bank of Tungabhadra had to be Stopped (ii) Power supply disrupted, normal life affected",IMD,,"528, None",29
2842,UEI-IMD-FL-2000-0039,2000-07-01,01-07-2000 00:00,1.0,heavy rains,, Kalaburagi,Karnataka,,,,,3.0,,,,3 persons died due to house collapse in Banakalagi,,IMD,,538,29
2844,UEI-IMD-FL-2000-0041,2000-07-05,08-07-2000 00:00,4.0,heavy rains,,Dakshina Kannada,Karnataka,,,,,,,,,,"(i) Due to sea erosion at Ullal Kolepura, gap between river Netravathi,sea reduced so much that nearly 30 fish drying sheds washed off (ii) 12 ft.  wall collapsed due to which transformer fell disrupting water supply (iii) Landslides reported in Kettikalla hill (iv) One huge tree uprooted in another place",IMD,,534,29
2843,UEI-IMD-FL-2000-0040,2000-07-06,07-07-2000 00:00,2.0,heavy rains,,Uttar Kashia Kannada,Karnataka,,,,,,,,,,"A few houses in Hapiwad,Palewad villages inundated",IMD,,,29
2845,UEI-IMD-FL-2000-0042,2000-07-07,08-07-2000 00:00,2.0,heavy rains,,Bijapur,Karnataka,,,,,,3.0,,,"2 persons washed away in a drain,another in river Krishna",,IMD,,636,29
2846,UEI-IMD-FL-2000-0043,2000-07-11,14-07-2000 00:00,4.0,heavy rains,,"Chikkaballapura, Kalaburagi",Karnataka,,,,,,,,,,"(i) Continuous landslides reported on Konkan railway. Charmadighat section closed down completely. Estimated loss Rs.70 Lakh per day,total loss running into crores as 760km track to be repaired (ii) 3 tanks breached (iii)325 houses collapsed",IMD,,"630, 538",29
2847,UEI-IMD-FL-2000-0044,2000-07-14,14-07-2000 00:00,1.0,heavy rains,,"Chikkaballapura,Dharwad",Karnataka,,,,,,,,3,3 animals washed away,"(i) Major landslide reported from Malayamurtha forest, traffic on entire stretch closed (ii) 44 houses damaged",IMD,,"630, 536",29
2848,UEI-IMD-FL-2000-0045,2000-08-01,01-08-2000 00:00,1.0,heavy rains,,Bengaluru Rural ,Karnataka,,,,,1.0,5.0,,,"1 woman died,5 persons injured in Bengaluru Rural city due to house collapse",(i) Low lying areas inundated. Several tonnes of vegetables got rotten. (ii) Several houses collapsed (iii) 9000 telephone lines went out of order,IMD,,526,29
2850,UEI-IMD-FL-2000-0047,2000-08-03,06-08-2000 00:00,4.0,heavy rains,,Davangere ,Karnataka,,,,,1.0,1.0,,,"1 woman died in a wall collpase,another person washed away ",(i) Many houses damaged (ii) Several trees uprooted,IMD,,535,29
2849,UEI-IMD-FL-2000-0046,2000-08-03,03-08-2000 00:00,1.0,heavy rains,,Tumakuru,Karnataka,,,,,,,,,,"(i) In Gubbi taluka more than 4000 coconut trees, 6000 arecanut trees,about 200 years old banyan trees,neem trees damaged (ii) about 1000 household damaged (iii) More than 100 telephone/electric poles fell (iv) Loss in several lakhs of rupees reported",IMD,,548,29
2860,UEI-IMD-FL-2000-0057,2000-08-08,10-08-2000 00:00,3.0,heavy rains,,"Bengaluru Rural,Bengaluru Rural",Karnataka,,,,,,2.0,,,2 workers injured,"(i) In Bengaluru Rural city, Cauvery stage III pump house completely submerged by flood water of Bhima river, affecting the wartersupply of the city,surroundings for a week (ii) In Bengaluru Rural rural, 128 lakes damaged, many bridges collapsed, dirupting traffic (iii) Standing crops washed away",IMD,,"526, 526",29
2851,UEI-IMD-FL-2000-0048,2000-08-13,13-08-2000 00:00,1.0,heavy rains,,Bengaluru Rural,Karnataka,,,,,,,,,,"In Bengaluru Rural city, several trees uprooted,14 auto rickshaws damaged",IMD,,526,29
2852,UEI-IMD-FL-2000-0049,2000-08-23,24-08-2000 00:00,2.0,heavy rains,,Beedar,Karnataka,,,,,,,,2,2 cows died as a cattle shed collapse,"(i) 72 houses fully,50 partially damaged. One lake also damaged (ii) Crops damaged, loss estimated in several lakhs",IMD,,,29
2853,UEI-IMD-FL-2000-0050,2000-08-25,26-08-2000 00:00,2.0,heavy rains,,"Dakshina Kannada, Uttar Kashia Kannada,Raichur",Karnataka,,,,,1.0,2.0,,,"1 person died in Raichur,3 students injured","(i) Traffic on NH 17 disrupted due to landslides at several places(ii)1000 houses,other proiperties damaged, 900 tiles of a school blown off",IMD,,"534, None, 546",29
2854,UEI-IMD-FL-2000-0051,2000-08-29,29-08-2000 00:00,1.0,heavy rains,,"Kodagu,Tumakuru",Karnataka,,,,,,,,,,"(i) Extensive damage to property,agriculture reported (ii) Doddakere lake damaged",IMD,,"541, 548",29
2855,UEI-IMD-FL-2000-0052,2000-09-14,14-09-2000 00:00,1.0,heavy rains,, Kalaburagi,Karnataka,,,,,,,,,,"(i) Public property like roads, bridges, bunds, water reservoirs damaged (ii) Loss estimated in several crores of rupees",IMD,,538,29
2856,UEI-IMD-FL-2000-0053,2000-09-30,30-09-2000 00:00,1.0,heavy rains,,Bengaluru Rural,Karnataka,,,,,2.0,3.0,,,"2 persons died,3 other trapped when a building collapsed",Many areas inundated,IMD,,526,29
2857,UEI-IMD-FL-2000-0054,2000-09-30,02-10-2000 00:00,3.0,heavy rains,,Bengaluru Rural,Karnataka,,,,,1.0,5.0,,,"1 person died,5 injured in different house collpase incidents",(i)Normal life paralysed (ii) Low lying areas inundated (iii)Many trees uprooted disrupting traffic (iv) A few houses collpased including a 3 storeyed  BMP quarters,IMD,,526,29
2858,UEI-IMD-FL-2000-0055,2000-10-01,01-10-2000 00:00,1.0,heavy rains,,"Chikkamagaluru, Chitradurga, Kodagu,Mysuru",Karnataka,,,,,,,,,,"(i) Low Lying areas inundated, traffic disrupted, Normal life paralysed. (ii) Several houses damaged while a few collapsed (iii) Feedar canal of Belgur lake in Hosadurga taluk(Chitradurga dist.)",IMD,,"532, 533, 541, 545",29
2859,UEI-IMD-FL-2000-0056,2000-10-08,08-10-2000 00:00,1.0,heavy rains,,"Ballari, Raichur",Karnataka,,,,,4.0,3.0,,,"4 persons died,3 washed away",(i) Normal life paralysed (ii) Traffic disrupted (iii) Standing crops destroyed,IMD,,"528, 546",29
2861,UEI-IMD-FL-2000-0058,2000-10-09,09-10-2000 00:00,1.0,"heavy rains,flash floods",,"Chitradurga,Mandya",Karnataka,,,,,2.0,,,,2 children died in the flooded lake at Gutikatte in Hosadurga taluk,"2 bridges collapsed in Hiriyur talukadisrupting traffic. (i) In Malavalli taluka, Halsur lake,Bhima reservoir flooded. (ii) Standing crops like ragi, paddy,coconut,coffee destroyed, loss estimated worth lakhs of rupees. (iii) Traffic on NH 209 disrupted",IMD,,"533, 544",29
2864,UEI-IMD-FL-2000-0061,2000-10-22,22-10-2000 00:00,1.0,heavy rains,,Mandya,Karnataka,,,,,1.0,,,,1 child died in a house collapse,(i) A few houses collapsed (ii) One lake reported to have inundated ,IMD,,544,29
2862,UEI-IMD-FL-2000-0059,2000-10-22,22-10-2000 00:00,1.0,heavy rains,,Bengaluru Rural,Karnataka,,,,,,1.0,,,"In Bengaluru Rural city, one girl washed away in an open drain",In Bengaluru Rural city:(i)Low lying areas inundated (ii) Many trees uprooted,IMD,,526,29
2863,UEI-IMD-FL-2000-0060,2000-10-22,22-10-2000 00:00,1.0,heavy rains,,Ballari ,Karnataka,,,,,1.0,3.0,,,"1 boy died,3 others injured in a hut collapse",,IMD,,528,29
2959,UEI-IMD-FL-2001-0030,2001-04-16,16-04-2001 00:00,1.0,flash flood,,"Bengaluru Rural, Ballari",Karnataka,,,,,5.0,,,,5 deaths reported from various area of Bengaluru Rural city,Construction material stored for building a bridge near Madagattu Dingbund washed away,IMD,,"526, 528",29
2960,UEI-IMD-FL-2001-0031,2001-04-19,19-04-2001 00:00,1.0,heavy rains,,Bengaluru Rural,Karnataka,,,,,,,,,,"(i)Lake of Bellandur overflew (ii)Crops in nearby fields damaged (iii)More than 2o cars submerged,2 compound walls collapsed",IMD,,526,29
2961,UEI-IMD-FL-2001-0032,2001-06-15,21-06-2001 00:00,7.0,heavy rains,,"Dakshina Kannada,Uttar Kashia Kannada",Karnataka,,,,,,,,1,1 buffalo died in Udupi taluka,"(i)Areca nut,coconut trees uprooted in various taluka e.g Alakonda, Kathagola, Kunta,Puttur (ii)Cowsheds as well as houses collapsed",IMD,,"534, None",29
2962,UEI-IMD-FL-2001-0033,2001-07-07,07-07-2001 00:00,1.0,heavy rains,,Dakshina Kannada,Karnataka,,,,,,3.0,,,3 persons injured due to wall collapse in Venlock Govt. Hospital in Mangalore city,,IMD,,534,29
2963,UEI-IMD-FL-2001-0034,2001-07-09,09-07-2001 00:00,1.0,heavy rains,,Kodagu ,Karnataka,,,,,,,,,,"(i)Madikeri-bhagmandala road flooded by 1 ft of rain water (ii)6 poles of 33kV line fallen in Balekadu estate causing power failure in Shuntikoppa,Madikeri",IMD,,541,29
2964,UEI-IMD-FL-2001-0035,2001-07-15,28-07-2001 00:00,14.0,heavy rains,,"Bengaluru Rural, Dakshina Kannada,Uttar Kashia Kannada",Karnataka,,,,,2.0,,,,2 fishermen died in different incidences,"(i) Many trees uprooted, houses damaged,temple of Bangadeshwara inundated (ii) Balamuri bridge in Kodagu submerged under water (iii)1 Auto rickshaw completely damaged due to tree fall in Bengaluru Rural city",IMD,,"526, 534, None",29
2965,UEI-IMD-FL-2001-0036,2001-08-07,07-08-2001 00:00,1.0,heavy rains,,Dakshina Kannada,Karnataka,,,,,,,,,,Many houses damaged in Udupi taluka,IMD,,534,29
2966,UEI-IMD-FL-2001-0037,2001-08-20,21-08-2001 00:00,2.0,heavy rains,,"Chitradurga,Mandya",Karnataka,,,,,5.0,,,,5 persons died due to house collapse in Kanvibilichi(Davanagere),"(i) Paddy, Sugarcane,coconut damaged (ii)Vishweshwarah canal in Pandavpura-Mandya breached",IMD,,"533, 544",29
2967,UEI-IMD-FL-2001-0038,2001-08-26,26-08-2001 00:00,1.0,heavy rains,,"Bengaluru Rural,Mysuru",Karnataka,,,,,3.0,,,,3 children died due to house collapse in Mysuru tehsil,"Many trees uprooted affecting electric feeders,also traffic",IMD,,"526, 545",29
2968,UEI-IMD-FL-2001-0039,2001-09-17,17-09-2001 00:00,1.0,heavy rains,,Mysuru,Karnataka,,,,,,,,,,"(i) Husur tehsil worst affected (ii)3 tanks breached (iii) Standing crops like paddy, ragi,sugar cane over 100 acres destroyed (iv)Several coconut,areca nut trees uprooted,washed away",IMD,,545,29
2969,UEI-IMD-FL-2001-0040,2001-09-21,21-09-2001 00:00,1.0,heavy rains,,Bengaluru Rural,Karnataka,,,,,,,,,,(i)A hotel in an old building in Basavangudi collapsed (ii) Many houses collapsed (iii) Low lying areas inundated,IMD,,526,29
2970,UEI-IMD-FL-2001-0041,2001-09-22,22-09-2001 00:00,1.0,heavy rains,,Bengaluru Rural,Karnataka,,,,,,1.0,,,1 woman washed away at Kodigrama,"Water from Yedur lake over flown. Low lying areas inundated damaging household articles,furnitures",IMD,,526,29
2971,UEI-IMD-FL-2001-0042,2001-09-23,23-09-2001 00:00,1.0,heavy rains,,"Bengaluru Rural,Tumakuru",Karnataka,,,,,3.0,,,,3 persons including 2 women died due to house collapse,"(i)400 houses in Bengaluru Rural,suburban flooded damaging furniture,household articles (ii)More than 50 houses collapsed,more than 100 partially damaged",IMD,,"526, 548",29
2973,UEI-IMD-FL-2001-0044,2001-09-25,26-09-2001 00:00,2.0,heavy rains,,Raichur,Karnataka,,,,,1.0,,,,1 woman died in a house collapse,"(i)Maski tehsil worst affected (ii)Villages near Maski cut off from the rest of the state (iii)In Maski, more than 25 houses submerged,many houses in Maski tehsil collapsed leaving people without food,shelter (iv)The wall of historical fort near Nagarabenchi entirely collapsed",IMD,,546,29
2974,UEI-IMD-FL-2001-0045,2001-10-08,21-10-2001 00:00,14.0,heavy rains,,"Bengaluru Rural, Ballari, Dharwad, Kolar,Raichur",Karnataka,,,,,23.0,58.0,,,"23 persons died,58 injured in different incidences","(i)In Bhima catchment area Banana,Sugarcane crops,pump sets damaged (ii) One 90 years old Peepal tree having the girth more than 25 ft uprooted in Bengaluru Rural city (iii)About 500 houses,one main bridge on the State highway near Sindanoor town badly damaged",IMD,,"526, 528, 536, 542, 546",29
2975,UEI-IMD-FL-2001-0046,2001-11-06,06-11-2001 00:00,1.0,heavy rains,,Mandya,Karnataka,,,,,,,,,,"(i)Chikkdevarayasagar canal breached causing derailment of goods train (ii) 40 oil tankers also derailed, 19 of which flown off the rains (iii) Extensive damage to sugarcane,paddy crops reported",IMD,,544,29
2976,UEI-IMD-FL-2001-0047,2001-11-15,15-11-2001 00:00,1.0,heavy rains,,Kolar,Karnataka,,,,,,,,,3 persons died of the same family due to house collpase in Chikkaballapura,,IMD,,542,29
3063,UEI-IMD-FL-2002-0025,2002-06-15,15-06-2002 00:00,1.0,heavy rains,,"Uttar Kashia,Dakshina Kannada",Karnataka,,,,,,,,,,"A few houses collapsed in Karwar,Mangalore tehsils",IMD,,"None, 534",29
3064,UEI-IMD-FL-2002-0026,2002-06-18,18-06-2002 00:00,1.0,heavy rains,,Bengaluru Urban,Karnataka,,,,,,1.0,,,1 person drowned in Vrishbhavathi river on Mysuru road,,IMD,,525,29
3065,UEI-IMD-FL-2002-0027,2002-10-09,13-10-2002 00:00,5.0,heavy rains,,Kodagu ,Karnataka,,,,,,,,,,"Bhagmandala-Nopoklu road damaged,cut off for traffic, Murandu, Konnangeri,Siddapura road partially collapsed",IMD,,541,29
3066,UEI-IMD-FL-2002-0028,2002-10-13,13-10-2002 00:00,1.0,heavy rains,,Kolar,Karnataka,,,,,,,,,,Potato crop in Chikkaballapur damaged,IMD,,542,29
3067,UEI-IMD-FL-2002-0029,2002-10-14,16-10-2002 00:00,3.0,heavy rains,,"Bagalkotee, Bijapur, Chitradurga,Raichur",Karnataka,,,,,9.0,,,,9 persons died in different places,,IMD,,"None, 636, 533, 546",29
3142,UEI-IMD-FL-2003-0037,2003-06-21,24-06-2003 00:00,4.0,heavy rains,,"Ballari, Udupi, Uttar Kashia Kannada,Dakshina Kannada",Karnataka,,,,,13.0,,,,(i) In all 13 persons died including 1 woman due to landslide Paaraje Jogibettu (Dakshina Kannada) (ii) A few livestock lost,"(i) Landslide reported in Bellary, Uttara Kannada,Dakshina Kannada dist. Landslides at Yellapura on Kanwar-Bellary highwway(Near Arebaylghatta), heavily suffered 50 hectares of forest area (ii)More than 50 houses partially,a few houses completely collapsed, 4 buildings, 49 panchayats area roads,2 big drainages damaged. 5 cow sheds also collpased (iii) 1 bridge collapsed in Surincge village (Dakshina Kannada ) (iv) Arecanut,coccnut trees in 50 acres uprooted",IMD,,"528, 549, None, 534",29
3143,UEI-IMD-FL-2003-0038,2003-07-16,16-07-2003 00:00,1.0,heavy rains,,"Bengaluru Urban,Udupi",Karnataka,,,,,,1.0,,,1 child drowned in Udupi dist,In Bangalore: (i) A few trees uprooted (ii)A two wheeler damaged,IMD,,"525, 549",29
3144,UEI-IMD-FL-2003-0039,2003-08-20,22-08-2003 00:00,3.0,heavy rains,,Beedar,Karnataka,,,,,6.0,,,,(i)6 persons died  (ii)A few livestock also perished,"(i) Most of the tanks in the district breached (ii)1 bridge collapsed, traffic jam reported (iii) Sugarcane, Green gram,soya in about 200 acre washed out",IMD,,,29
3145,UEI-IMD-FL-2003-0040,2003-08-27,27-08-2003 00:00,1.0,heavy rains,,Bengaluru Urban,Karnataka,,,,,,,,,,(i) One 4 wheeler reported damaged (ii)Low lying areas inundated,IMD,,525,29
3146,UEI-IMD-FL-2003-0041,2003-10-03,06-10-2003 00:00,4.0,heavy rains,,"Davangere, Hassan, Koppal, Shivamogga,Tumakuru",Karnataka,,,,,1.0,,,,1 person died du to house collapse in Koppal dist,"(i)In Davanagere dist. riped bana plantations in about 50 acres,about 30 to 40 arecanut trees razed to the ground. Maize crop in about 60 acres also damaged. Paddy saplings in vast areas of Shivamogga dist, destroyed (ii) A few houses,more than 50 huts collapsed,a tmple in Tumkur dist. partially damaged. A bridge in Hassan dist. also damaged (iii)A few road bunds breached causing inundation in Tiptur town of Timkur dist.",IMD,,"535, 539, 543, 547, 548",29
3147,UEI-IMD-FL-2003-0042,2003-10-12,13-10-2003 00:00,2.0,heavy rains,,Bengaluru Urban,Karnataka,,,,,3.0,,,,3 women died when a boulder came down crashing their house in Ramanagram tehsil.,(i)Landslide reported (ii)Hundreds of houses located in the Vrishabahvathi valley area damaged (iii)Low lying areas inundated,IMD,,525,29
3148,UEI-IMD-FL-2003-0043,2003-10-21,21-10-2003 00:00,1.0,heavy rains,,Mysuru,Karnataka,,,,,,,,,,"In Mysuru city: (i) Several compound walls collapsed,vehicles damaged (ii)2 huts razed to the ground under an uprooted tree (ii) Low lying areas inundated",IMD,,545,29
3149,UEI-IMD-FL-2003-0044,2003-10-23,23-10-2003 00:00,1.0,heavy rains,,Bengaluru Urban,Karnataka,,,,,,1.0,,,1 old man washed away in flooded drainage in Bangalore city,,IMD,,525,29
3244,UEI-IMD-FL-2004-0026,2004-06-06,07-06-2004 00:00,2.0,heavy rains,,Dakshina Kannada,Karnataka,,,,,4.0,,,,4 persons died,,IMD,,534,29
3245,UEI-IMD-FL-2004-0027,2004-06-11,16-06-2004 00:00,6.0,heavy rains,,"Bengaluru Urban, Belagavi, Chikkaballapura, Dakshina Kannada, Hassan,Kodagu",Karnataka,,,,,3.0,3.0,,,"3 persons died, another injured,2 missing in separate incidents of drowning/collapse","(i)Many trees including coconut,arecanut either uprooted or broken (ii)Many electric poles also uprooted (iii)A few houses collapsed,some partially damaged (iv)A car,an Auto rickshaw damaged under an upoted tree (v)Green chillies,vegetables badly damaged (vi)A small bridge collapsed (vii) a chimney of a brick factory collapsed",IMD,,"525, 527, 630, 534, 539, 541",29
3246,UEI-IMD-FL-2004-0028,2004-07-08,14-07-2004 00:00,7.0,heavy rains,,"Bengaluru Urban, Bengaluru Rural,Gadag",Karnataka,,,,,15.0,14.0,,,"(i)15 persons died,14 other injured in different incidents of house collapse/drowning/electocution (ii)SOme fowls perished",(i)Many trees uprooted (ii)Large number of houses/huts collapsed (iii)Cable lines snapped at some places (iv)Some vehicles damaged (v)Standing cropdamaged (vi)Canals breached at some  points (vii)Some portion of roads washed away affecting road transport,IMD,,"525, 526, 537",29
3247,UEI-IMD-FL-2004-0029,2004-08-02,08-08-2004 00:00,7.0,heavy rains,,"Belagavi, Ballari, Chikkaballapura, Dakshina Kannada, Dharwad, Kodagu, Shivamogga, Udupi,Uttar Kashia Kannada",Karnataka,,,,,6.0,6.0,,,"6 persons died, 5 njured,1 reported missing in separate incidents of house collapse / drowning/ electrocution","(i) Many trees including that of arecanut,coconut uprooted. Electric poles also fell down (ii)Thungabhadra high level canal breached. Standing crops washed away (iii)Many houses damaged/collapsed (iv)Several roads also reported damaged",IMD,,"527, 528, 630, 534, 536, 541, 547, 549, None",29
3248,UEI-IMD-FL-2004-0030,2004-09-14,14-09-2004 00:00,1.0,heavy rains,,"Mandya,Mysuru",Karnataka,,,,,1.0,4.0,,,"1 person died,4 other injured","Bhudanur tank breachedn,heavy loss to crops reported",IMD,,"544, 545",29
3249,UEI-IMD-FL-2004-0031,2004-09-20,20-09-2004 00:00,1.0,heavy rains,,Belagavi,Karnataka,,,,,3.0,,,,3 members of a family died due to a roof collapse in Khanapur tehsil,,IMD,,527,29
3250,UEI-IMD-FL-2004-0032,2004-10-01,01-10-2004 00:00,1.0,heavy rains,,Bengaluru Urban,Karnataka,,,,,,,,,,A vehucle got damaged under an uprooted tree,IMD,,525,29
3251,UEI-IMD-FL-2004-0033,2004-10-19,20-10-2004 00:00,2.0,heavy rains,,Bengaluru Urban,Karnataka,,,,,3.0,3.0,,,"3 persons died,3 other injured",Damage to public/private property,IMD,,525,29
3333,UEI-IMD-FL-2005-0040,2005-01-03,03-01-2005 00:00,1.0,heavy rains,,Dharwad,Karnataka,,,,,,,,,,"Damage to jowar, wheat, onion, chilly,cotton reported",IMD,,536,29
3334,UEI-IMD-FL-2005-0041,2005-04-20,20-04-2005 00:00,1.0,heavy rains,,Gadag,Karnataka,,,,,,,,,,"(i)Damage to 50 houses in Ron taluk reported (ii)Hundreds of houses collapsed in Yrrebelari, Ketageri, Huilgola, Hirekoppa,Chikkoppa",IMD,,537,29
3335,UEI-IMD-FL-2005-0042,2005-05-21,21-05-2005 00:00,1.0,heavy rains,,Hassan,Karnataka,,,,,,,,,A few persons injured due to collapse of roof of a house,Roofs of several houses collapsed in Belur tank,IMD,,539,29
3336,UEI-IMD-FL-2005-0043,2005-06-02,02-06-2005 00:00,1.0,heavy rains,,Bengaluru Urban,Karnataka,,,,,1.0,,,,1 woman buried alive when a temporary brick in enclosure collapsed,"About 800 electric poles fell down in Bangalore city,extension",IMD,,525,29
3337,UEI-IMD-FL-2005-0044,2005-06-05,05-06-2005 00:00,1.0,heavy rains,,Bengaluru Urban,Karnataka,,,,,2.0,,,,2 labourers died in wall collapse incident,,IMD,,525,29
3338,UEI-IMD-FL-2005-0045,2005-06-10,10-06-2005 00:00,1.0,heavy rains,,Mysuru,Karnataka,,,,,7.0,,,,7 persons died on the spot in Bilikere due to eletrocution in Hinsur taluk,,IMD,,545,29
3339,UEI-IMD-FL-2005-0046,2005-06-18,18-06-2005 00:00,1.0,heavy rains,,Dakshina Kannada,Karnataka,,,,,,,,,,"A godown collapsed,4 houses damaged in Mangalore city",IMD,,534,29
3340,UEI-IMD-FL-2005-0047,2005-06-22,22-06-2005 00:00,1.0,heavy rains,,Bengaluru Urban ,Karnataka,,,,,2.0,,,,2 school girls from the same family died,(i)A coconut tree uprooted (ii)An electric pole broken due to a tree,IMD,,525,29
3341,UEI-IMD-FL-2005-0048,2005-06-22,22-06-2005 00:00,1.0,heavy rains,,Uttar Kashia Kannada,Karnataka,,,,,,,,,,"Sea water inundated Plantation,fishermen sheds",IMD,,,29
3342,UEI-IMD-FL-2005-0049,2005-07-03,03-07-2005 00:00,1.0,heavy rains,,Belagavi,Karnataka,,,,,1.0,2.0,,,(i)2 persons drowned in overflowing river (ii)1 girl died in house collapse,,IMD,,527,29
3343,UEI-IMD-FL-2005-0050,2005-07-13,13-07-2005 00:00,1.0,heavy rains,,Dharwad,Karnataka,,,,,,,,,,(i)1 house collapsed (ii)Athikatti village tank breached,IMD,,536,29
3344,UEI-IMD-FL-2005-0051,2005-07-13,13-07-2005 00:00,1.0,heavy rains,,Gadag,Karnataka,,,,,2.0,,,,2 persons died due to house collapse in Mundargi taluk ,,IMD,,537,29
3345,UEI-IMD-FL-2005-0052,2005-07-15,21-07-2005 00:00,7.0,heavy rains,,"Bengaluru Urban, Davangere,Tumakuru",Karnataka,,,,,4.0,4.0,,21,"(i)4 persons died,4 other injured due to house collapse (ii)21 cattle died","(i)4 houses collapsed (ii)Damage to 150 acres of agriculture land reported (iii)Damage to coconut,maize crop reported",IMD,,"525, 535, 548",29
3346,UEI-IMD-FL-2005-0053,2005-07-22,28-07-2005 00:00,7.0,heavy rains,,"Bengaluru Urban, Belagavi, Chikkaballapura, Dharwad, Gadag,  Kalaburagi, Kodagu,Uttar Kashia Kannada",Karnataka,,,,,6.0,,,,"6 persons including 2 women,2 children died","(i)317 houses,11 Govt buildings completely damaged (ii)A car was severely damaged due to uprooting of a tree (iii)318 electric poles uprooted",IMD,,"525, 527, 630, 536, 537, 538, 541, None",29
3347,UEI-IMD-FL-2005-0054,2005-07-27,27-07-2005 00:00,1.0,flash flood,,Kodagu,Karnataka,,,,,,1.0,,,1 woman washed away in flood water in Sangameshwar Pet,,IMD,,541,29
3348,UEI-IMD-FL-2005-0055,2005-07-27,27-07-2005 00:00,1.0,heavy rains,,Chikkaballapura,Karnataka,,,,,,1.0,,,1 person washed away in Koppa taluk,"Damage to 307 houses,public property reported  in Dharwad taluk",IMD,,630,29
3349,UEI-IMD-FL-2005-0056,2005-07-27,27-07-2005 00:00,1.0,heavy rains,,Dharwad,Karnataka,,,,,,,,,,,IMD,,536,29
3350,UEI-IMD-FL-2005-0057,2005-07-28,28-07-2005 00:00,1.0,flash flood(ghatprabha),,Belagavi,Karnataka,,,,,,4.0,,,(i)3 persons including 1 woman washed away (ii)1 person drowned in Mallimeddi area,"(i)About 182 houses collapsed (ii)4 villages submerged (iii)Kusunala, Molavad,Jugula villages inundated",IMD,,527,29
3351,UEI-IMD-FL-2005-0058,2005-07-28,28-07-2005 00:00,1.0,flash flood,,Chikkaballapura,Karnataka,,,,,1.0,,,,1 person died in Ajjampura of Tarikere taluk,,IMD,,630,29
3352,UEI-IMD-FL-2005-0059,2005-08-01,01-08-2005 00:00,1.0,"flash floods(krishna,bhima)",,"Bagalkotee Belagavi,Bijapur",Karnataka,,,,,,,,,,"(i)Many villages inundated due to releasee of water from Koyana Dam (ii)Nearly 66 villages affected due to rain water from Bhima,Krishna river (iii)Back water of Narayanpura dam affected 34 villages in Muddehebihai taluk",IMD,,"None, 636",29
3353,UEI-IMD-FL-2005-0060,2005-08-05,08-08-2005 00:00,4.0,heavy rains,,"Belagavi,Tumakuru",Karnataka,,,,,,9.0,,,9 persons including 3 children died in drowning / house collapse incidents,"About 33,702 houses  damaged/ collapsed",IMD,,"527, 548",29
3354,UEI-IMD-FL-2005-0061,2005-08-28,28-08-2005 00:00,1.0,heavy rains,,Davangere,Karnataka,,,,,3.0,2.0,,,"(i)1 old man died due to house collapse in Horenganguru village of Chennagiri taluk (ii)A woman,a boy died,2 persons injured due to a house collapse in Halavalagullu of Harpanhalli taluk",150 houses damaged,IMD,,535,29
3355,UEI-IMD-FL-2005-0062,2005-08-28,28-08-2005 00:00,1.0,flash flood,,Bengaluru Urban,Karnataka,,,,,,4.0,,,4 women labourers washed away near Kanakapura,(i)A part of road collapsed in Koramangola (ii)Several houses collapsed near Allalasandra lake (iii)About 20 trees uprooted in Bangalore city,IMD,,525,29
3356,UEI-IMD-FL-2005-0063,2005-10-09,09-10-2005 00:00,1.0,heavy rains,,Bengaluru Urban,Karnataka,,,,,,1.0,,,1 old woman injured due to house collapse,,IMD,,525,29
3357,UEI-IMD-FL-2005-0064,2005-10-15,21-10-2005 00:00,7.0,flash flood,,"Bengaluru Urban,Raichur",Karnataka,,,,,13.0,,,,"13 persons including 5 women,2 children died",(i)More than 300 people lost hutments in Mandvi taluk (ii)Vehicular traffic disrupted as the bridge was damaged on Nandihalla village of Sindanoor taluk (iii) 3 cars damaged,IMD,,"525, 546",29
3358,UEI-IMD-FL-2005-0065,2005-10-22,28-10-2005 00:00,7.0,heavy rains,,"Bengaluru Urban, Chamarajanagaraa Hassan, Kolar, Mandya, Mysuru,Tumakuru",Karnataka,,,,,33.0,,,2012,"(i)33 persons injured including 2 women,some children died (ii)2012 cattleheads perished","(i)Many coconut trees uprooted (ii)Sugarcane, supota,paddy in hundreds of acres damaged (iii)20,990 houses destroyed (iv) 500 telephone line snapped (v)Crops in 60,000 acres destroyed (vi)500 tanks breached",IMD,,"525, None, 542, 544, 545, 548",29
3509,UEI-IMD-FL-2006-0041,2006-05-27,30-05-2006 00:00,4.0,heavy rains,,"Bengaluru Urban, Dakshina Kannada, Dharwad, Udupi,Uttar Kashia Kannada",Karnataka,,,,,21.0,4.0,,,"21 persons including a girl died,4 other injured.","i) 25 shops,hundreds of houses flooded ii) 4 vehicles damaged,many submerged. iii) 10 massive trees uprooted. iv) One house collapsed.",IMD,,"525, 534, 536, 549, None",29
3510,UEI-IMD-FL-2006-0042,2006-07-13,13-07-2006 00:00,1.0,flash flood,,Uttar Kashia Kannada,Karnataka,,,,,,,,,,i) Many trees uprooted. ii) Damage to many houses / buildings reported. iii) 200 quintals of rice damaged.,IMD,,,29
3511,UEI-IMD-FL-2006-0043,2006-07-28,28-07-2006 00:00,1.0,heavy rains,,"Mandya,Mysuru",Karnataka,,,,,,,,,,Wall of Atriya Brivandan Power Ltd. Collapsed.,IMD,,"544, 545",29
3512,UEI-IMD-FL-2006-0044,2006-08-01,01-08-2006 00:00,1.0,"flash flood (bheema, krishna,ghatprabha)",,"Bagalkotee Belagavi,Bijapur",Karnataka,,,,,,,,,,i) 26 villages submerged. ii) 1600 families evacuated to safer places. iii) Extensive damage to crops reported.,IMD,,"None, 636",29
3513,UEI-IMD-FL-2006-0045,2006-08-05,05-08-2006 00:00,1.0,"flash flood(bheema,krishna) ",,Bijapur,Karnataka,,,,,,,,1,One buffalo washed away,Crops in 4400 hectares destroyed.,IMD,,636,29
3636,UEI-IMD-FL-2007-0057,2007-04-21,21-04-2007 00:00,1.0,heavy rains,,Mysuru,Karnataka,,,,,,,,,,"i) A house collapsed. 15 huts,petty shops damaged. ii) About 25 trees uprooted. ",IMD,,545,29
3637,UEI-IMD-FL-2007-0058,2007-04-22,22-04-2007 00:00,1.0,flash flood,,Bengaluru Urban,Karnataka,,,,,,1.0,,,One woman washed away. ,"i) Heavy damage to private,public property reported. ii) Hundreds of houses in the low lying areas flooded. ",IMD,,525,29
3638,UEI-IMD-FL-2007-0059,2007-05-27,27-05-2007 00:00,1.0,heavy rains,,Bagalkote,Karnataka,,,,,3.0,8.0,,,"3 woman died,8 missing.",A dam breached.,IMD,,524,29
3639,UEI-IMD-FL-2007-0060,2007-06-18,18-06-2007 00:00,1.0,heavy rains,,"Dakshina Kannada,Udupi",Karnataka,,,,,,,,,,"19 houses,mosque damaged.",IMD,,"534, 549",29
3640,UEI-IMD-FL-2007-0061,2007-06-21,24-06-2007 00:00,4.0,heavy rains,,"Belagavi, Bijapur, Dakshina Kannada,  Kalaburagi, Hassan, Kodagu, Koppal, Mangalore,Raichur",Karnataka,,,,,39.0,20.0,,,"39 persons died,20 injured.","i) About 1300 houses completely partially damaged. ii) Several trees uprooted,400 electric poles uprooted,12 transformers damaged. iii) 10 villages marooned. ",IMD,,"527, 636, 534, 538, 539, 541, 543, None, 546",29
3641,UEI-IMD-FL-2007-0062,2007-06-27,27-06-2007 00:00,1.0,heavy rains,,Raichur,Karnataka,,,,,1.0,3.0,,,"One girl died,3 other injured.",Few houses collapsed.,IMD,,546,29
3642,UEI-IMD-FL-2007-0063,2007-06-30,30-06-2007 00:00,1.0,heavy rains,,"Belagavi, Kodagu, Raichur,Uttar Kashia Kannada,",Karnataka,,,,,,,,,,"i) Hundreds of acres of paddy field inundated. ii) Road / rail communication affected due to inundation of several bridges,roads. iii) Power,phone links snapped. iv) Few number of houses partially / fully collapsed. v) Low lying areas flooded. ",IMD,,"527, 541, 546, None, 603",29
3643,UEI-IMD-FL-2007-0064,2007-07-01,01-07-2007 00:00,1.0,heavy rains,,Kodagu,Karnataka,,,,,1.0,,,,One person died due to wall collapse.,,IMD,,541,29
3644,UEI-IMD-FL-2007-0065,2007-07-04,04-07-2007 00:00,1.0,heavy rains,,Belagavi,Karnataka,,,,,2.0,,,,2 persons died.,,IMD,,527,29
3645,UEI-IMD-FL-2007-0066,2007-07-08,08-07-2007 00:00,1.0,heavy rains,,Belagavi,Karnataka,,,,,1.0,,,,One person died due to wall collapse,,IMD,,527,29
3646,UEI-IMD-FL-2007-0067,2007-07-14,15-07-2007 00:00,2.0,heavy rains,,"Dakshina Kannada,Kodagu",Karnataka,,,,,,,,,,"i) Few acres of paddy field,coffee plantains inundated. ii) One bridge submerged. ",IMD,,"534, 541",29
3647,UEI-IMD-FL-2007-0068,2007-07-18,21-07-2007 00:00,4.0,"flash flood (hemavathi,kapila)",,"Bengaluru Urban, Hassan, Mandya,Mysuru",Karnataka,,,,,,5.0,,,5 persons drowned.,"i) Large number of temples flooded,a church partially submerged. ii) Heavy loss to coffee, cardamom, pepper plantains reported. iii) Hundreds of houses inundated. iv) Few trees uprooted. V) A big portion of road washed away. vi) Few vehicles damaged due to compound wall collapsed. ",IMD,,"525, 539, 544, 545",29
3648,UEI-IMD-FL-2007-0069,2007-07-31,31-07-2007 00:00,1.0,heavy rains,,Kolar,Karnataka,,,,,3.0,,,,3 women died due to hut collapse.,,IMD,,542,29
3649,UEI-IMD-FL-2007-0070,2007-08-08,12-08-2007 00:00,5.0,heavy rains,,"Beedar, Kalaburagi, Belagavi, Yadgir, Bagalkotee, Raichur, Koppal, Gadag, Ballari, Dharwad, Uttar Kashia Kannada, Haveri, Chitradurga, Davangere, Shivamogga, Udupi, Chikkamagaluru, Chikkaballapura, Hassan, Kolar, Bengaluru Rural, Dakshina Kannada, Bengaluru Urban, Kodagu, Chamarajanagaraa, Tumakuru, Ramanagara, Mandya, Mysuru, Vijayapura",Karnataka,,,,,28.0,,,1200,i) 28 persons died due to house collapse. ii) 1200 livestock washed away. ,"i) Extensive damage to agriculture reported. 60,000 acres of fields inundated. 14,000 acres of maize, 15,000 acres of paddy,20,000 acres of cotton affected. ii) Low lying areas flooded. 50 houses collapsed. iii) Coconut,arecanut trees uprooted. iv)Virupaksha temple submerged. v) In Bellary, 16 villages inundated.  ",IMD,,"None, 538, 527, 635, None, 546, 543, 537, 528, 536, None, 540, 533, 535, 547, 549, 532, 630, 539, 542, 526, 534, 525, 541, None, 548, 631, 544, 545, 530",29
3650,UEI-IMD-FL-2007-0071,2007-09-09,09-09-2007 00:00,1.0,heavy rains,,"Ballari, Davangere,Shivamogga",Karnataka,,,,,2.0,,,,2 persons died.,"i) About 235 houses inundated,500 houses damaged. ii) 750 acres of field inundated. i) 28,493 houses collapsed. ii) A wall collapsed in chemical factory. ",IMD,,"528, 535, 547",29
3651,UEI-IMD-FL-2007-0072,2007-09-17,20-09-2007 00:00,4.0,heavy rains,,"Ballari, Chitradurga, Davangere, Dharwad, Gadag, Koppal,Raichur",Karnataka,,,,,14.0,,,,14 persons died.,,IMD,,"528, 533, 535, 536, 537, 543, 546",29
3652,UEI-IMD-FL-2007-0073,2007-09-22,22-09-2007 00:00,1.0,flash flood,,Bengaluru Urban,Karnataka,,,,,3.0,,,1,i) 3 children died. ii) A cow washed away. ,"i) 12 trees uprooted. ii) 32 shops of hardware, TV, furniture, plywood, tiles, electrical goods damaged. ",IMD,,525,29
3653,UEI-IMD-FL-2007-0074,2007-10-20,20-10-2007 00:00,1.0,heavy rains,,"Davangere,Hassan",Karnataka,,,,,7.0,,,,7 persons died.,About 511 houses damaged.,IMD,,"535, 539",29
3654,UEI-IMD-FL-2007-0075,2007-10-22,22-10-2007 00:00,1.0,heavy rains,,"Hassan,Mysuru",Karnataka,,,,,2.0,1.0,,,"2 persons died,a girl injured due to wall collapse.","Damage to pepper, cardamom, maize,sunflower crops reported.",IMD,,"539, 545",29
3655,UEI-IMD-FL-2007-0076,2007-10-25,25-10-2007 00:00,1.0,heavy rains,,"Hassan,Raichur",Karnataka,,,,,3.0,,,,3 children died due to house collapse.,110 houses collapsed.,IMD,,"539, 546",29
3776,UEI-IMD-FL-2008-0052,2008-03-26,31-03-2008 00:00,6.0,heavy rains,,"Bengaluru Rural, Gadag,Haveri",Karnataka,,,,,,1.0,,,One boy washed away.,i) Extensive damage to crops reported. ii)About 260 houses collapsed. iii) Several trees / electric poles uprooted. ,IMD,,"526, 537, 540",29
3777,UEI-IMD-FL-2008-0053,2008-06-01,02-06-2008 00:00,2.0,heavy rains,,"Bengaluru Rural, Belagavi,Uttar Kashia Kannada ",Karnataka,,,,,,,,,,i) Extensive damage to crops reported. ii) Electric poles uprooted. iii) Few houses damaged. ,IMD,,"526, 527, None",29
3778,UEI-IMD-FL-2008-0054,2008-07-14,15-07-2008 00:00,2.0,heavy rains,,"Bengaluru Rural,Mysuru",Karnataka,,,,,1.0,,,,One person died.,i)Low lying areas inundated. ii) Electric poles / trees uprooted. ,IMD,,"526, 545",29
3779,UEI-IMD-FL-2008-0055,2008-07-20,22-07-2008 00:00,3.0,heavy rains,,"Bengaluru Rural,Mysuru",Karnataka,,,,,3.0,,,,"3 persons including a woman,girl died.","i)Low lying areas flooded. Electric poles / trees uprooted, ",IMD,,"526, 545",29
3780,UEI-IMD-FL-2008-0056,2008-07-25,31-07-2008 00:00,7.0,"flash flood (ghatprabha, hiranyakeshi, kaveri, tunga,many other rivers)",,"Belagavi, Chikkaballapura, Kalaburagi, Dakshina Kannada, Kodagu, Mysuru, Shivamogga,Uttar Kashia Kannada ",Karnataka,,,,,3.0,3.0,,,"3 persons died,3 others injured. ",i)Extensive damage to crops reported including 600 acres of Tobacco. ii)Electric poles uprooted. iii) Few houses damaged. iv) Paddy fields waterlogged. ,IMD,,"527, 630, 538, 534, 541, 545, 547, None",29
3782,UEI-IMD-FL-2008-0058,2008-08-01,28-08-2008 00:00,28.0,flood,,Ballari,Karnataka,,,,,,,,,,"i)Standing crops of paddy, maize, sunflower, sugarcane, banana, bajara & cotton in 7260 acres of land in 69 villages of Hadagali, Hospet & Siruguppa taluks damaged. ii) Loss estimated to worth Rs. 4.52 crores. ",IMD,,528,29
3781,UEI-IMD-FL-2008-0057,2008-08-25,31-08-2008 00:00,7.0,,,"Bengaluru Rural, Ballari, Chamarajanagaraa Davangere,  Kalaburagi, Hassan,Mysuru,",Karnataka,,,,,5.0,,,10,i)5 persons died. ii) 10 cattle perished.,"i) Thousand acres of crop damaged. ii) Low lying areas inundated. iii) Many houses, bridges,buildings damaged. iv) Trees / electric poles uprooted. ",IMD,,"526, 528, None, 538, 539, 545, 603",29
3783,UEI-IMD-FL-2008-0059,2008-09-01,07-09-2008 00:00,7.0,heavy rains,,"Bagalkotee, Bengaluru Rural, Belagavi , Ballari, Beedar, Bijapur, Chikodi, Chitradurga, Davangere, Gadag, Kalaburagi, Hassan, Dharwad,Raichur",Karnataka,,,,,30.0,9.0,,,"i)30 Persons died,9 injured. ii) Some of the live stock washed away. ","i) Extensive damage to the crops reported. ii) 60 houses,a bridge collapsed. iii) Many villages inundated. ",IMD,,"None, 526, 527, 528, None, 636, None, 533, 535, 537, 538, 539, 536, 546",29
3784,UEI-IMD-FL-2008-0060,2008-09-20,24-09-2008 00:00,5.0,heavy rains,,"Beedar,Bijapur",Karnataka,,,,,2.0,,,,2 Persons died,i) Catchment area of Bhima river inundated. ii) About 6000 acres of crop area damaged. ,IMD,,"None, 636",29
3785,UEI-IMD-FL-2008-0061,2008-10-08,08-10-2008 00:00,1.0,heavy rains,,Bagalkotee,Karnataka,,,,,3.0,2.0,,,"3 persons died,2 others injured.",,IMD,,,29
3873,UEI-IMD-FL-2009-0022,2009-05-18,18-05-2009 00:00,1.0,heavy rains,,Chikkaballapura,Karnataka,,,,,,,,,,Bydgi crops damaged.,IMD,,630,29
3874,UEI-IMD-FL-2009-0023,2009-05-22,23-05-2009 00:00,2.0,heavy rains,,Bengaluru Rural,Karnataka,,,,,1.0,,,,One woman died.,,IMD,,526,29
3875,UEI-IMD-FL-2009-0024,2009-06-11,15-06-2009 00:00,5.0,heavy rains,,Bengaluru Urban,Karnataka,,,,,,3.0,,,3 persons washed away.,,IMD,,525,29
3876,UEI-IMD-FL-2009-0025,2009-07-03,08-07-2009 00:00,6.0,heavy rains,,"Dakshina Kannada, Mangalore, Shivamogga,Udupi",Karnataka,,,,,,11.0,,,11 persons washed away.,32 houses washed away in Udupi,IMD,,"534, None, 547, 549",29
3877,UEI-IMD-FL-2009-0026,2009-07-16,16-07-2009 00:00,1.0,heavy rains,,"Dakshina Kannada, Dharwad,Mysuru",Karnataka,,,,,13.0,,,,13 persons died.,,IMD,,"534, 536, 545",29
3878,UEI-IMD-FL-2009-0027,2009-09-05,05-09-2009 00:00,1.0,flood (bhadra),,"Chikkaballapura, Raichur, Kalaburagi",Karnataka,,,,,,3.0,,,3 persons washed away.,,IMD,,"630, 546, 538",29
3879,UEI-IMD-FL-2009-0028,2009-09-13,15-09-2009 00:00,3.0,heavy rains,,"Bengaluru Urban,  Kalaburagi,Raichur",Karnataka,,,,,4.0,2.0,,,"4 persons died,2 children washed away.",,IMD,,"525, 538, 546",29
3880,UEI-IMD-FL-2009-0029,2009-09-18,18-09-2009 00:00,1.0,heavy rains,,Bengaluru Urban,Karnataka,,,,,,4.0,,,4 persons washed away.,,IMD,,525,29
3881,UEI-IMD-FL-2009-0030,2009-09-22,23-09-2009 00:00,2.0,heavy rains,,"Chitradurga, Davangere,Raichur",Karnataka,,,,,5.0,1.0,,,"5 persons died,one person washed away.",,IMD,,"533, 535, 546",29
3882,UEI-IMD-FL-2009-0031,2009-09-29,29-09-2009 00:00,1.0,heavy rains,, Kalaburagi,Karnataka,,,,,,3.0,,,3 girls washed away.,,IMD,,538,29
3883,UEI-IMD-FL-2009-0032,2009-09-29,03-10-2009 00:00,5.0,heavy rains,,"Bagalkotee, Bijapur, Gadag, Dharwad, Haveri, Belagavi, Ballari, Beedar, Kalaburagi, Koppal, Raichur, Vijayapura,Yadgir",Karnataka,,,,,308.0,,,,308 persons died.,"4,069 houses. collapsed,11,488 houses damaged. ",IMD,,"None, 636, 537, 536, 540, 527, 528, None, 538, 543, 546, 530, 635",29
3884,UEI-IMD-FL-2009-0033,2009-10-01,07-10-2009 00:00,7.0,"flash flood (krishna, ghatprabha,malprabha)",,"Beedar, Kalaburagi, Belagavi, Yadgir, Bagalkotee, Raichur, Koppal, Gadag, Ballari, Dharwad, Uttar Kashia Kannada, Haveri, Chitradurga, Davangere, Shivamogga, Udupi",Karnataka,,,,,195.0,,,,195 persons died.,"i)Crops in 25000 hectares of area damaged. ii)2,40,000 houses damaged causing Rs. 16,500 crores loss. ",IMD,,"None, 538, 527, 635, None, 546, 543, 537, 528, 536, None, 540, 533, 535, 547, 549",29
3992,UEI-IMD-FL-2010-0055,2010-05-16,16-05-2010 00:00,1.0,heavy rains,,Bengaluru Rural,Karnataka,,,,,1.0,1.0,,,"One person died,other washed away.",i) Low lying areas inundated. ii) Many trees uprooted.,IMD,,526,29
3993,UEI-IMD-FL-2010-0056,2010-05-20,20-05-2010 00:00,1.0,heavy rains,,"Ballari, Chitradurga,Udupi",Karnataka,,,,,4.0,,,,4 persons died. ,i)Damage to public property reported. ii) Electricity/ television/ telephoneservices disrupted. ,IMD,,"528, 533, 549",29
3994,UEI-IMD-FL-2010-0057,2010-05-30,30-05-2010 00:00,1.0,heavy rains,,"Bengaluru Rural,Kodagu",Karnataka,,,,,3.0,,,,3 persons died.,i) Low lying areas flooded. ii) Roof tops of many houses blown away. ,IMD,,"526, 541",29
3995,UEI-IMD-FL-2010-0058,2010-06-17,17-06-2010 00:00,1.0,heavy rains,,Bijapur,Karnataka,,,,,1.0,,,,One girl died.,Electricity/television/ telephone services disrupted.,IMD,,636,29
3996,UEI-IMD-FL-2010-0059,2010-07-21,21-07-2010 00:00,1.0,heavy rains,,Udupi,Karnataka,,,,,1.0,,,,One person died.,,IMD,,549,29
3997,UEI-IMD-FL-2010-0060,2010-07-27,31-07-2010 00:00,5.0,heavy rains,,"Belagavi, Dakshina Kannada, Uttar Kashia Kannada, Davangere, Gadag,Shivamogga ",Karnataka,,,,,5.0,,,,5 persons died due to wall collapsed.,"i) Many people affected. ii) Damage to public,private property reported. ",IMD,,"527, 534, None, 535, 537, 547",29
3998,UEI-IMD-FL-2010-0061,2010-08-21,21-08-2010 00:00,1.0,heavy rains,,"Ballari,Bengaluru Rural",Karnataka,,,,,2.0,,,,2 persons died.,i) Low lying areas flooded. ii) Many trees uprooted.,IMD,,"528, 526",29
3999,UEI-IMD-FL-2010-0062,2010-08-26,26-08-2010 00:00,1.0,heavy rains,,"Belagavi, Beedar, Gadag,Raichur",Karnataka,,,,,4.0,,,,4 persons died.,i) Normal life paralysed. ii) Electricity/television/telephone services disrupted. ,IMD,,"527, None, 537, 546",29
4000,UEI-IMD-FL-2010-0063,2010-08-30,30-08-2010 00:00,1.0,heavy rains,, Kalaburagi,Karnataka,,,,,1.0,,,,One person died.,,IMD,,538,29
4121,UEI-IMD-FL-2011-0035,2011-01-19,19-01-2011 00:00,1.0,heavy rains,,Parts of Karnataka,Karnataka,,,,,,,,,,Chana crop badly damaged.,IMD,,,29
4122,UEI-IMD-FL-2011-0036,2011-04-23,23-04-2011 00:00,1.0,heavy rains,,"Bengaluru Urban,Ramanagara",Karnataka,,,,,4.0,,,,4 persons died.,i)Some houses damaged. ii)Trees uprooted disrupting to road traffic. ,IMD,,"525, 631",29
4123,UEI-IMD-FL-2011-0037,2011-07-17,18-07-2011 00:00,2.0,heavy rains,,"Dakshina Kannada, Haveri, Kodagu,Shivamogga",Karnataka,,,,,3.0,2.0,,,"2 persons died, other woman died due to wall collapse,2 others washed away in Suparnika,Varada river","i) Low lying areas flooded. ii) Trees/electricity poles uprooted. iii) Water,electricity supply disrupted. ",IMD,,"534, 540, 541, 547",29
4124,UEI-IMD-FL-2011-0038,2011-08-05,05-08-2011 00:00,1.0,heavy rains,,Belagavi,Karnataka,,,,,,2.0,,,2 persons washed away in Hiranyakeshi river.,,IMD,,527,29
4125,UEI-IMD-FL-2011-0039,2011-09-06,07-09-2011 00:00,2.0,"flood (ghataprabha,krishna)",,BagalkoteeBijapur,Karnataka,,,,,,2.0,,,2 women washed away.,Electricity / television / telephone services disrupted.,IMD,,,29
4236,UEI-IMD-FL-2012-0043,2012-08-06,07-08-2012 00:00,2.0,heavy rains,,"Kodagu, Shivamogga,Udupi",Karnataka,,,,,4.0,,,,4 persons died.,i)Low lying areas flooded. ii)Trees/electricity poles uprooted disrupting road traffic. iii) Electricity supply ,IMD,,"541, 547, 549",29
4237,UEI-IMD-FL-2012-0044,2012-08-25,25-08-2012 00:00,1.0,heavy rains,,Bengaluru Rural,Karnataka,,,,,1.0,,,,One person died.,,IMD,,526,29
4325,UEI-IMD-FL-2013-0052,2013-05-31,31-05-2013 00:00,1.0,heavy rains ,,Bengaluru Urban ,Karnataka,,,,,1.0,,,,One died due to wall collapse. ,,IMD,,525,29
4326,UEI-IMD-FL-2013-0053,2013-06-05,05-06-2013 00:00,1.0,heavy rains ,,Belagavi ,Karnataka,,,,,1.0,,,,One woman died as a tree fell on her. ,,IMD,,527,29
4327,UEI-IMD-FL-2013-0054,2013-06-10,18-06-2013 00:00,9.0,heavy rains ,,Dakshina Kannada,Karnataka,,,,,4.0,10.0,,,"4 persons died, 4 others washed,6 others injured. ","i) Low lying areas flooded. ii) Trees/electricity poles uprooted causing disruption in road traffic,power communication. ",IMD,,534,29
4328,UEI-IMD-FL-2013-0055,2013-07-02,05-07-2013 00:00,4.0,heavy rains ,,"Belagavi, Dakshina Kannada,Kodagu ",Karnataka,,,,,3.0,4.0,,,"3 persons died,4 others washed away.","i) Low lying areas flooded. ii) Trees/electricity poles uprooted causing disruption in road traffic,power communication.",IMD,,"527, 534, 541",29
4329,UEI-IMD-FL-2013-0056,2013-07-15,15-07-2013 00:00,1.0,heavy rains ,,"Ballari,Shivamogga ",Karnataka,,,,,,2.0,,,2 persons washed away. ,,IMD,,"528, 547",29
4330,UEI-IMD-FL-2013-0057,2013-07-20,20-07-2013 00:00,1.0,heavy rains ,,Davangere ,Karnataka,,,,,2.0,,,,2 persons died.,,IMD,,535,29
4331,UEI-IMD-FL-2013-0058,2013-07-25,25-07-2013 00:00,1.0,heavy rains,,Uttar Kashia Kannada ,Karnataka,,,,,,1.0,,,One person washed away. ,,IMD,,,29
4332,UEI-IMD-FL-2013-0059,2013-08-01,01-08-2013 00:00,1.0,heavy rains ,,Kodagu ,Karnataka,,,,,1.0,,,,One person died.,,IMD,,541,29
4333,UEI-IMD-FL-2013-0060,2013-08-05,05-08-2013 00:00,1.0,heavy rains ,,Udupi ,Karnataka,,,,,1.0,10.0,,,"One woman died due wall collapse,10 others washed away. ",,IMD,,549,29
4433,UEI-IMD-FL-2014-0026,2014-03-08,10-03-2014 00:00,3.0,heavy rains,,"Belagavi,Bijapur ",Karnataka,,,,,4.0,,,,"Belagavi : One woman died when a tree fell on her,other due to wall collapse. Bijapur: One person,a child died in Sindagi Tehsil due to wall collapse. ",,IMD,,"527, 636",29
4434,UEI-IMD-FL-2014-0027,2014-05-19,20-05-2014 00:00,2.0,heavy rains ,,"Chamarajanagaraa,Shivamogga ",Karnataka,,,,,5.0,,,,5 persons including one woman died due to house collapse. ,,IMD,,"None, 547",29
4435,UEI-IMD-FL-2014-0028,2014-06-02,06-06-2014 00:00,5.0,heavy rains ,,"Ballari, Gadag,Koppal ",Karnataka,,,,,1.0,,,,"One woman died due to house collapse in Sandur Tehsil. One boy died in Gadag city,3 others died when a tree,electric pole fell on them in Ganavathy town resp. ",,IMD,,"528, 537, 543",29
4436,UEI-IMD-FL-2014-0029,2014-06-28,29-06-2014 00:00,2.0,heavy rains ,,"Bengaluru Urban,Gadag ",Karnataka,,,,,2.0,,,,2 women died due to house collapse. ,,IMD,,"525, 537",29
4437,UEI-IMD-FL-2014-0030,2014-07-04,09-07-2014 00:00,6.0,heavy rains ,,"Bengaluru Rural, Gadag, Haveri,Kolar ",Karnataka,,,,,4.0,1.0,,,"4 persons died due to house collapse,other swept away. ",,IMD,,"526, 537, 540, 542",29
4438,UEI-IMD-FL-2014-0031,2014-07-31,31-07-2014 00:00,1.0,heavy rains ,,"Haveri,Uttar Kashia Kannada ",Karnataka,,,,,2.0,1.0,,,"One man,a girl died in house collapse in Ranebennur town,other swept away in canal in Mundagod Tehsil resp. ",,IMD,,"540, None",29
4439,UEI-IMD-FL-2014-0032,2014-08-01,08-08-2014 00:00,8.0,heavy rains ,,"Chikkamagaluru, Dakshina Kannada, Dharwad, Raichur,Uttar Kashia Kannada",Karnataka,,,,,4.0,3.0,,,"One person swept away in Koppa Tehsil, 4 persons died due to wall collapse in Karkala & Dharwad Tehsil, other swept away in Krishna river in Devadurga Tehsil,2 persons swept away in Honavar,Joida Tehsil resp. ",,IMD,,"532, 534, 536, 546, None",29
4440,UEI-IMD-FL-2014-0033,2014-08-23,31-08-2014 00:00,9.0,heavy rains ,,"Beedar, Bijapur, Chamarajanagaraa Gadag,  Kalaburagi, Raichur, Tumakuru",Karnataka,,,,,9.0,6.0,,,"2 persons died, 6 persons swept away, 7 others died due to house collapse. ",,IMD,,"None, 636, None, 538, 546, 548",29
4441,UEI-IMD-FL-2014-0034,2014-09-01,01-09-2014 00:00,1.0,heavy rains ,,Chitradurga ,Karnataka,,,,,1.0,,,,One woman died due to house collapse. ,"i) 12,310 houses damaged. ii) Crops in 0.228 m. ha. damaged.",IMD,,533,29
4442,UEI-IMD-FL-2014-0035,2014-09-02,02-09-2014 00:00,1.0,heavy rains ,, Kalaburagi ,Karnataka,,,,,,1.0,,,One man swept away in canal in Sedam Tehsil. ,,IMD,,538,29
4443,UEI-IMD-FL-2014-0036,2014-09-24,24-09-2014 00:00,1.0,heavy rains ,,Ballari ,Karnataka,,,,,1.0,,,,One man died due to house collapse in Kampli town.  ,,IMD,,528,29
4444,UEI-IMD-FL-2014-0037,2014-10-01,01-10-2014 00:00,1.0,heavy rains ,,Tumakuru,Karnataka,,,,,1.0,,,,One man died due to house collapse. ,,IMD,,548,29
4445,UEI-IMD-FL-2014-0038,2014-10-05,09-10-2014 00:00,5.0,heavy rains ,,"Bengaluru Urban, Chikkaballapura,Dharwad ",Karnataka,,,,,2.0,3.0,,,"One girl,2 women swept away in a canal in Bilekalli,Yegati village, other died due to house collapse in Begaluru city while one person died when a sheet of the bus stand roof fell on him in Navalgund town resp.",,IMD,,"525, 630, 536",29
4446,UEI-IMD-FL-2014-0039,2014-10-25,25-10-2014 00:00,1.0,heavy rains ,,Ballari ,Karnataka,,,,,,1.0,,,One person swept away in a canal. ,,IMD,,528,29
4447,UEI-IMD-FL-2014-0040,2014-10-28,28-10-2014 00:00,1.0,heavy rains ,,Bengaluru Rural ,Karnataka,,,,,1.0,,,,One woman died due to house collapse. ,,IMD,,526,29
4528,UEI-IMD-FL-2015-0033,2015-03-06,14-03-2015 00:00,9.0,heavy rains,,"Ballari, Dakshina Kannada, Gadag, Hassan, Uttar Kashia Kannada",Karnataka,,,,,1.0,,,4,1 man died due to temple wall collapsed. 4 cattle heads perished,"i)Damage to standing crops,Mango, Banana trees reported ii)Damage to 8 houses reported",IMD,,"528, 534, 537, 539, None",29
4529,UEI-IMD-FL-2015-0034,2015-04-07,12-04-2015 00:00,6.0,heavy rains,,"Ballari, Beedar, Hassan, Kodagu, Raichur",Karnataka,,,,,4.0,1.0,,,"4 persons died,1 girl injured due to roof of house collapsed","i)Damage to Paddy crops, thousands of Banana plants, hundreds of Coconut trees,Rice bags reported ii)Damage to many houses reported iii)Damage to about 250 Tin-sheds reported iv)Many trees/elctric poles uprooted",IMD,,"528, None, 539, 541, 546",29
4530,UEI-IMD-FL-2015-0035,2015-04-22,23-04-2015 00:00,2.0,heavy rains,,"Bengaluru Rural, Urban, Shivamogga, Tumakuru",Karnataka,,,,,1.0,4.0,,,"1 person died due to wall collapsed in Bengaluru Rural Urban,4 persons injured in Shivamogga District","i)Damage to Banana, Coconut, Mango, Jackfruit trees reported ii)Damage to several houses reported iii)Damage worth lakhs rupees reported iv)Many trees / electric poles uprooted",IMD,,"526, 525, 547, 548",29
4531,UEI-IMD-FL-2015-0036,2015-05-04,11-05-2015 00:00,8.0,heavy rains,,"Raichur, Tumakuru",Karnataka,,,,,2.0,1.0,,,"2 persons died,1 other injured due to wall collapse",Damage to Paddy crops resulting loss of lakhs of rupees reported,IMD,,"546, 548",29
4532,UEI-IMD-FL-2015-0037,2015-05-27,31-05-2015 00:00,5.0,heavy rains,,"Bengaluru Rural, Rural, Bengaluru Rural, Chitradurga, Hassan",Karnataka,,,,,1.0,4.0,,,"1 person died,4 other injured","i)Damage to more than 3,000 Banana plants, Onion crop in 40 acre land, Coconut trees, Pomegranate, Betel nuts reported ii)Damage to Rose garden causing loss of lakhs of rupees reported iii)Damage to many houses reported",IMD,,"526, 526, 526, 533, 539",29
4533,UEI-IMD-FL-2015-0038,2015-06-20,25-06-2015 00:00,6.0,"heavy rains,flood",,"Chikkamagaluru, Dakshina Kannada, Hassan, Kodagu, Shivamogga",Karnataka,,,,,8.0,8.0,,,"8 persons died,8 persons injured",i)Damage to Betel nut crops reported ii)Damage to many houses reported iii)About 400 electric poles uprooted causing disuption in power supply for a week,IMD,,"532, 534, 539, 541, 547",29
4534,UEI-IMD-FL-2015-0039,2015-07-10,20-07-2015 00:00,11.0,heavy rains,,"Ballari, Dakshina Kannada, Udupi",Karnataka,,,,,10.0,,,,10 persons died,,IMD,,"528, 534, 549",29
4535,UEI-IMD-FL-2015-0040,2015-09-05,07-09-2015 00:00,3.0,heavy rains,,"Ballari, Bengaluru Rural, Chitradurga",Karnataka,,,,,5.0,1.0,,,"5 persons died,1 injured","i)Damage to many acres of Paddy, Sugarcane, Cotton, Pulses, Onion crops,Banana plantation reported ii)Choultry (Dharmshala) in front of Vijaya Vittala Mandir in Haampi village collapsed",IMD,,"528, 526, 533",29
4536,UEI-IMD-FL-2015-0041,2015-09-29,29-09-2015 00:00,1.0,heavy rains,,Uttar Kashia Kannada,Karnataka,,,,,,,,,,"Damage to 200 acres of Sugarcane,70 acres of Banana plantation reported",IMD,,,29
4537,UEI-IMD-FL-2015-0042,2015-10-01,04-10-2015 00:00,4.0,heavy rains,,"Bagalkotee Belagavi, Ballari, Chitradurga, Davangere, Dharwad,  Kalaburagi, Tumakuru",Karnataka,,,,,4.0,,,,4 persons died,"i)Damage to crops standing crops of Sugarcane, Tobacco,sowing grains of Jowar, Cotton,Paddy crops reported ii)Damage to several houses reported iii)A small bridge collapsed causing inundated the road,disruption in traffic iv)Several trees uprooted",IMD,,"None, 528, 533, 535, 536, 538, 548",29
4538,UEI-IMD-FL-2015-0043,2015-11-02,02-11-2015 00:00,1.0,heavy rains,,Chitradurga,Karnataka,,,,,,,,,,6 houses collapsed,IMD,,533,29
4664,UEI-IMD-FL-2016-0062,2016-06-20,20-06-2016 00:00,1.0,heavy rains ,,Raichur,Karnataka,,,,,1.0,,,,One girl died.,,IMD,,546,29
4665,UEI-IMD-FL-2016-0063,2016-06-22,22-06-2016 00:00,1.0,heavy rains ,,"Dakshina Kannada, Udupi",Karnataka,,,,,2.0,,,,2 persons died.,,IMD,,"534, 549",29
4666,UEI-IMD-FL-2016-0064,2016-06-27,27-06-2016 00:00,1.0,heavy rains ,,Dakshina Kannada,Karnataka,,,,,1.0,,,,One man died.,,IMD,,534,29
4667,UEI-IMD-FL-2016-0065,2016-07-03,06-07-2016 00:00,4.0,heavy rains ,,"Dakshina Kannada, Uttar Kashia Kannada",Karnataka,,,,,,,,1,A cow perished.,i) Damage to many houses reported. ii) Several trees uprooted.,IMD,,"534, None",29
4668,UEI-IMD-FL-2016-0066,2016-07-11,12-07-2016 00:00,2.0,heavy rains ,,"Belagavi, Chikkamagaluru, Kodagu, Uttar Kashia Kannada",Karnataka,,,,,1.0,4.0,,,One person died in Chikkamagalur Dist. & 4 persons injured in Kodagu Dist.,i) Damage of about 90 houses fully & 200 houses partially reported. ii) Several trees/electric poles uprooted causing vehicular traffic & power supply disruption.,IMD,,"527, 532, 541, None",29
4669,UEI-IMD-FL-2016-0067,2016-07-15,15-07-2016 00:00,1.0,heavy rains ,,Bagalkote,Karnataka,,,,,,,,,,i) 2 villages named Mutturu & Kanankanvadi in Jamakhandi taluk submerged as water was released following heavy rains in Maharashtra & Belgaum Dist. ii) Vegetables grown on hundreds of acres completely washed away.iii) Quarry cement factory flooded.,IMD,,524,29
4670,UEI-IMD-FL-2016-0068,2016-07-22,22-07-2016 00:00,1.0,heavy rains ,," Kalaburagi, Uttar Kashi",Karnataka,,,,,,1.0,,6,"One person drowned in Mullamari river Iragapali village, Chincholi taluk in  Kalaburagi Dist. 6 livestock perished.",i) Damage to standing crops reported. ii) Damage to 20 irrigation pumps set reported. iii) Partial damage to 279 houses reported. iv) Damage to Govt. School building reported as a huge tree fell.,IMD,,"538, 57",29
4671,UEI-IMD-FL-2016-0069,2016-07-29,29-07-2016 00:00,1.0,heavy rains ,,Bengaluru Urban,Karnataka,,,,,,,,,,i) About 3000 houses affected. ii) Damage to few cars & two-wheelers reported.,IMD,,525,29
4672,UEI-IMD-FL-2016-0070,2016-07-31,31-07-2016 00:00,1.0,heavy rains ,, Kalaburagi,Karnataka,,,,,,,,,,i) Hundreds acres of crops washed away. ii) Damage to historic Hazrat Safdar Darga reported.,IMD,,538,29
4673,UEI-IMD-FL-2016-0071,2016-08-05,09-08-2016 00:00,5.0,heavy rains & floods in krishna river,,"Bagalkotee Belagavi, Raichur, Yadgir",Karnataka,,,,,,1.0,,,One boatman washed away in Raichur Dist.,"i) Extensive damage to standing crops of Toor, Cotton reported. ii) Several villages on Krishna river bank inundated. iii) Bridges inundated in Belgaum & RaichurDist.",IMD,,"None, 546, 635",29
4674,UEI-IMD-FL-2016-0072,2016-08-18,18-08-2016 00:00,1.0,heavy rains ,,Hassan,Karnataka,,,,,,,,,,Agricultural crops worth lakhs of rupees destroyed.,IMD,,539,29
4675,UEI-IMD-FL-2016-0073,2016-09-15,16-09-2016 00:00,2.0,heavy rains ,,"Beedar,  Kalaburagi, Raichur",Karnataka,,,,,,2.0,,,2 persons died.,i) Damage to 500 acres of crops reported. ii) Human life disrupted. iii) Partial damage to more than 29 houses reported.,IMD,,"None, 538, 546",29
4676,UEI-IMD-FL-2016-0074,2016-09-22,26-09-2016 00:00,5.0,heavy rains ,,"Beedar, Belagavi, Gadag,  Kalaburagi",Karnataka,,,,,,1.0,,,One boy drowned in Bidar Dist.,"i) Damage to 84,991 hectares standing crops reported. ii) Damage to as many as 2900 houses reported.",IMD,,"None, 527, 537, 538",29
4677,UEI-IMD-FL-2016-0075,2016-12-13,14-12-2016 00:00,2.0,heavy rains ,,"Hassan , Kodagu, Mysuru",Karnataka,,,,,,,,,,Coffee & Paddy harvest affected badly.,IMD,,"539, 541, 545",29
4801,UEI-IMD-FL-2017-0064,2017-01-12,12-01-2017 00:00,1.0,Heavy Rains,,"Chamarajanagaraa Hassan, Kodagu, Kolar, Mandya, Mysuru",Karnataka,,,,,,,,,,"Damage to Ragi crops, Vegetables & Coffee crops which had reached at the harvesting stage reported",IMD,,"None, 541, 542, 544, 545",29
4793,UEI-IMD-FL-2017-0056,2017-05-09,09-06-2017 00:00,2.0,Heavy Rains,,Mysuru,Karnataka,,,,,5.0,,,,5 persons died.,Damage to Sugarcane & Cotton crops reported.,IMD,,545,29
4799,UEI-IMD-FL-2017-0062,2017-05-10,10-08-2017 00:00,4.0,Heavy Rains            ,,Bengaluru Urban,Karnataka,,,,,,,,,,i) Damage to 10 vehicles reported. ii) Low lying areas inundated. iii) Roads submerged.,IMD,,525,29
4778,UEI-IMD-FL-2017-0041,2017-05-18,18-05-2017 00:00,1.0,Heavy Rains,,"Dakshina Kannada, Mysuru",Karnataka,,,,,,3.0,,,3 persons injured in Dakshina Kannada Dist.,i) Damage to crops reported. ii) Many houses damaged. iii) Several trees/electric poles uprooted causing vehicular traffic & power supply disruption.,IMD,,"534, 545",29
4779,UEI-IMD-FL-2017-0042,2017-05-24,24-05-2017 00:00,1.0,Heavy Rains,,Tumakuru,Karnataka,,,,,3.0,,,,3 persons died,"10,000 Areca & 4,000 Coconut trees uprooted",IMD,,548,29
4780,UEI-IMD-FL-2017-0043,2017-05-27,27-05-2017 00:00,1.0,Heavy Rains,,Mysuru,Karnataka,,,,,1.0,,,,One woman died.,Damage to 10 houses reported.,IMD,,545,29
4783,UEI-IMD-FL-2017-0046,2017-06-17,17-06-2017 00:00,1.0,Heavy Rains,,"Ballari, Gadag",Karnataka,,,,,,,,,,i) Huge quantity of vegetables washed away. ii) 3 mud houses damaged.,IMD,,"528, 537",29
4784,UEI-IMD-FL-2017-0047,2017-06-21,27-06-2017 00:00,7.0,Heavy Rains,,"Dakshina Kannada, Haveri, Yadgir",Karnataka,,,,,1.0,5.0,,,One person died & 5 others injured,i) A house collapsed ii) Several trees/electric poles uprooted causing vehicular traffic & power supply disruption,IMD,,"534, 540, 635",29
4781,UEI-IMD-FL-2017-0044,2017-07-06,06-07-2017 00:00,1.0,Heavy rains & Floods,,"Bagalkotee Ballari, Beedar,  Kalaburagi",Karnataka,,,,,1.0,,,,One girl died in Bellary Dist,i) Many houses flooded in Bidar Dist. ii) Bridge connecting Kaladgi Bagalkot washed away & the other bridge in  Kalaburagi Dist. washed away,IMD,,"None, None, 538",29
4785,UEI-IMD-FL-2017-0048,2017-07-19,19-07-2017 00:00,1.0,Heavy Rains,,"Belagavi, Kodagu",Karnataka,,,,,1.0,,,,One person died in Belagavi Dist.,i) Damage to Paddy fields reported.,IMD,,"527, 541",29
4786,UEI-IMD-FL-2017-0049,2017-07-21,21-07-2017 00:00,1.0,Heavy Rains,,Belagavi,Karnataka,,,,,1.0,,,,One person died.,i) Partial damage to 73 houses reported,IMD,,527,29
4794,UEI-IMD-FL-2017-0057,2017-08-09,09-10-2017 00:00,3.0,Heavy Rains,,"Bagalkotee Bengaluru Urban, Ballari, Bijapur, Hassan, Mysuru, Yadgir",Karnataka,,,,,12.0,2.0,,,"Total 12 persons died & 2 others injured. Bagalkot��������1, Bangalore- 8, Bijapur - 2, Yadgir �������� 1.",i) Damage to Kharif crops reported. ii) Damage to many houses reported. iii) Damage to many vehicles reported. iv) A bridge washed away in Bijapur Dist. v) More than 153 electric poles & more than 300 trees uprooted causing disruption in vehicular traffic & power supply.,IMD,,"None, 528, 636, 539, 545, 635",29
4788,UEI-IMD-FL-2017-0051,2017-08-14,15-08-2017 00:00,2.0,Heavy Rains,,"Bengaluru Urban, Gadag",Karnataka,,,,,2.0,,,,2 persons injured.,i) Damage to many houses reported. ii) Damage to vehicles reported. iii) Low lying area inundated. iv) More than 31 trees uprooted causing disruption in vehicular traffic.,IMD,,"525, 537",29
4789,UEI-IMD-FL-2017-0052,2017-08-17,17-08-2017 00:00,1.0,Heavy Rains,,Mandya,Karnataka,,,,,,,,,,i) Damage to 25 houses reported. ii) Low lying areas inundated. iii) Several trees/electric poles uprooted causing vehicular traffic & power supply disruption.,IMD,,544,29
4790,UEI-IMD-FL-2017-0053,2017-08-26,27-08-2017 00:00,2.0,Heavy Rains,,"Beedar, Dakshina Kannada, Yadgir",Karnataka,,,,,2.0,,,,"Total 2 persons died. Dakshina Kannada - 1, Yadgir �������� 1.",Damage to 20 acres of crops reported as a bridge submerged in Bidar Dist.,IMD,,"None, 534, 635",29
4791,UEI-IMD-FL-2017-0054,2017-08-28,28-08-2017 00:00,1.0,Heavy Rains,,"Kodagu, Uttar Kashia Kannada",Karnataka,,,,,3.0,,,,3 persons died in Kodagu Dist.,Damage to a house & classroom of a school reported,IMD,,"541, None",29
4792,UEI-IMD-FL-2017-0055,2017-08-29,30-08-2017 00:00,2.0,Heavy Rains,,"Bengaluru Urban, Chikkaballapura, Chitradurga,  Kalaburagi, Hassan, Kodagu,",Karnataka,,,,,,,,,,i) Damage to standing Paddy crops reported. ii) Damage to several houses reported. iii) Several trees uprooted causing disruption in vehicular traffic.,IMD,,"525, 630, 533, 538, 539, 541, 603",29
4795,UEI-IMD-FL-2017-0058,2017-09-13,15-09-2017 00:00,3.0,Heavy Rains,,"Bagalkotee Bengaluru Urban, Raichur",Karnataka,,,,,5.0,9.0,,,"5 persons died & 9 others injured. Bagalkot - 2, Raichur �������� 3.",i) Damage to Kharif crops reported. ii) Damage to more than 25 houses reported. iii) Several trees/electric poles uprooted causing disruption in vehicular traffic & power supply.,IMD,,"None, 546",29
4796,UEI-IMD-FL-2017-0059,2017-09-17,17-09-2017 00:00,1.0,Heavy Rains,,Bijapur,Karnataka,,,,,1.0,,,,One person died.,Bridge cum barrage washed away.,IMD,,636,29
4797,UEI-IMD-FL-2017-0060,2017-09-26,28-09-2017 00:00,3.0,Heavy Rains,,"Bagalkotee Bengaluru Urban, Dharwad, Gadag, Mandya, Mysuru, Raichur",Karnataka,,,,,4.0,,,,"Total 4 persons died. Bangalore- 2, Dharwad- 1, Raichur �������� 1.",i) Partial damage to Srirangapattana fort reported. ii) Loss of about 1 crore rupees reported as more than 35 houses damaged. iii) Several trees/electric poles uprooted causing disruption in vehicular traffic & power supply.,IMD,,"None, 536, 537, 544, 545, 546",29
4798,UEI-IMD-FL-2017-0061,2017-09-29,30-09-2017 00:00,2.0,Heavy Rains,,"Gadag,  Kalaburagi",Karnataka,,,,,2.0,,,,2 persons died in  Kalaburagi Dist.,i) Damage to Sugarcane crop reported. ii) 15 huts washed away,IMD,,"537, 538",29
4777,UEI-IMD-FL-2017-0040,2017-10-05,05-10-2017 00:00,1.0,Heavy Rains,,Kodagu,Karnataka,,,,,,,,,,Damage to 2300 Papaya plants & 6 acres of Mango crops reported.,IMD,,541,29
4787,UEI-IMD-FL-2017-0050,2017-10-08,08-11-2017 00:00,2.0,Heavy Rains,,"Gadag, Koppal",Karnataka,,,,,2.0,,,25,2 persons died in Gadag Dist. 25 Lambs perished in Kodagu Dist,Several trees/electric poles uprooted causing vehicular traffic & power supply disruption.,IMD,,"537, 543",29
4800,UEI-IMD-FL-2017-0063,2017-10-13,15-10-2017 00:00,3.0,Heavy Rains,,"Bengaluru Urban, Gadag, Hassan, Kolar, Raichur",Karnataka,,,,,10.0,2.0,,,"Total 10 persons died. Bangalore �������� 9, of which, 5 persons including a woman & her daughter washed away in Bangalore,other 4 died due to wall collapsed. Kolar �������� 1. While 2 other injured in Raichur Dist.","i) Damage to Ragi, Maize, Ginger, BT Cotton, Sunflower & other crops reported. ii) Damage to more than 120 houses reported. iii) Thousands of people strained. iv) At least 30 localities in western,northern parts of Bangalore inundated. v) Buses submerged at Yeshwantpur BMTC terminus.",IMD,,"525, 537, 539, 542, 546",29
4782,UEI-IMD-FL-2017-0045,2017-11-06,06-12-2017 00:00,2.0,Heavy Rains,,"Beedar, Shivamogga, Udupi, Uttar Kashia Kannada",Karnataka,,,,,1.0,,,,One person died in Udupi Dist. on 11th.,"i) Agriculture crops damaged. ii) Many houses, roads flooded. iii) A bridge in Hosanagar taluk, Shivamogga Dist. collapsed.",IMD,,"None, 547, 549, None",29
4889,UEI-IMD-FL-2018-0029,2018-01-08,22-08-2018 00:00,22.0,Heavy rains / Floods,,"Chikkamagaluru, Dakshina Kannada, Hassan, Kodagu, Mysuru, Shivamogga, Udupi, Uttar Kashia Kannada",Karnataka,,,,,8.0,,50,,8 persons died & about 50 missing. Many others injured.,"i) About 4,320 marooned people have been safely evacuated from the worst hit district Kodagu. ii) Damage to several houses reported. Many people shifted to relief camps. iii) About 60 Dogra Regiment soldiers,12 expert naval divers rescued 873 marooned people in the flood-hit district. iv) Schools,colleges have remained closed. v) Roads severely damaged, leaving communities isolated.",IMD,,"532, 534, 539, 541, 545, 547, 549, None",29
4884,UEI-IMD-FL-2018-0024,2018-02-06,06-02-2018 00:00,1.0,Heavy rains,,"Bengaluru Urban, Belagavi",Karnataka,,,,,2.0,3.0,,,"2 persons died, one in each district & 3 others injured.",i) Vehicular traffic affected due to water logging. ii) Several trees/electric poles uprooted causing vehicular traffic & power supply disruption.,IMD,,"525, 527",29
4885,UEI-IMD-FL-2018-0025,2018-03-06,06-04-2018 00:00,2.0,Heavy rains,,"Ballari, Dharwad, Gadag",Karnataka,,,,,,,,,,i) Damage to crops reported. ii) A bridge on Sauundatti road collapsed. iii) Several trees/electric poles uprooted causing vehicular traffic & power supply disruption.,IMD,,"528, 536, 537",29
4883,UEI-IMD-FL-2018-0023,2018-05-29,29-05-2018 00:00,1.0,Heavy rains,,Udupi,Karnataka,,,,,1.0,,,,One person died.,,IMD,,549,29
4888,UEI-IMD-FL-2018-0028,2018-06-28,28-06-2018 00:00,1.0,Heavy rains,,Belagavi,Karnataka,,,,,,,,,,i) Damage to Government school building reported. ii) Several trees/electric poles uprooted causing vehicular traffic & power supply disruption.,IMD,,527,29
4886,UEI-IMD-FL-2018-0026,2018-08-06,06-11-2018 00:00,4.0,Heavy rains,,"Bengaluru Rural, Chikkamagaluru, Dakshina Kannada, Kodagu, Uttar Kashia Kannada",Karnataka,,,,,2.0,5.0,,,"Total 2 persons died,5 others injured. Dakshina Kannada-1, Kodagu-1.",i) Agricultural field inundated. ii) A temporary bridge washed away in Uttara Kannada Dist. iii) Several trees/electric poles uprooted causing vehicular traffic & power supply disruption.,IMD,,"526, 532, 534, 541, None",29
4882,UEI-IMD-FL-2018-0022,2018-10-05,05-10-2018 00:00,1.0,Heavy rains,,"Bengaluru Urban, Chitradurga , Dharwad, Uttar Kashia Kannada",Karnataka,,,,,,,,,,"i) Damage to coconut, Arecanut, Mango,Banana plantations reported. ii) Damage to many houses reported.",IMD,,"525, 533, 536, None",29
4887,UEI-IMD-FL-2018-0027,2018-12-06,14-06-2018 00:00,3.0,Heavy rains,,"Chikkamagaluru, Kodagu, Shivamogga, Uttar Kashia Kannada",Karnataka,,,,,,4.0,,,4 persons injured in Chikkamagalur district,"i) Areca nut plantation, Ginger seeding washed away. Paddy fields inundated. ii) Damage to several houses reported. iii) Several trees/electric poles uprooted causing vehicular traffic & power supply disruption.",IMD,,"532, 541, 547, None",29
5011,UEI-IMD-FL-2019-0032,2019-01-04,04-01-2019 00:00,1.0,Heavy Rains,,Kodagu,Karnataka,,,,,,,,,,Pepper laid on ground for drying washed away.,IMD,,541,29
5019,UEI-IMD-FL-2019-0040,2019-01-08,08-03-2019 00:00,3.0,Heavy Rains & Floods in Krishna & its tributaries,,Belagavi,Karnataka,,,,,,,,,,i) Extensive damage to Paddy fields reported. ii) Several villages marooned,IMD,,527,29
5020,UEI-IMD-FL-2019-0041,2019-05-08,08-08-2019 00:00,4.0,Heavy Rains & Floods in Krishna & its tributaries,,"Belagavi, Chikkaballapura, Dakshina Kannada, Dharwad, Kodagu, Raichur, Shivamogga, Udupi, Uttar Kashia Kannada, Yadgir",Karnataka,,,,,10.0,,,,"Total 10 persons died. Belgaum �������� 5, Shivamogga �������� 2, Uttara Kannada �������� 2, Yadgir �������� 1.","i) Damage to Sugarcane,Tur crops reported. ii) Damage to houses reported. iii) Several villages marooned. iv) Several trees uprooted.",IMD,,"527, 630, 534, 536, 541, 546, 547, 549, None, 635",29
5013,UEI-IMD-FL-2019-0034,2019-05-21,21-05-2019 00:00,1.0,Heavy Rains,,Ballari,Karnataka,,,,,,1.0,,,One person injured,Damage to 4 houses reported,IMD,,528,29
5014,UEI-IMD-FL-2019-0035,2019-05-22,22-05-2019 00:00,1.0,Heavy Rains,,Chamarajanagaraa  Kalaburagi,Karnataka,,,,,3.0,,,,3 persons died in  Kalaburagi Dist.,1000 banana plants completely destroyed in Chamarajanagar Dist.,IMD,,,29
5012,UEI-IMD-FL-2019-0033,2019-06-05,05-06-2019 00:00,1.0,Heavy Rains,,"Hassan, Mysuru",Karnataka,,,,,,,,,,"i) Roofs of houses blown away. ii) Trees,electric poles uprooted.",IMD,,"539, 545",29
5016,UEI-IMD-FL-2019-0037,2019-06-07,07-07-2019 00:00,1.0,Heavy Rains,,Chikkaballapura,Karnataka,,,,,,,,,,"i) Paddy fields inundated. ii) Several trees,electric poles uprooted.",IMD,,630,29
5024,UEI-IMD-FL-2019-0045,2019-06-10,10-06-2019 00:00,1.0,Heavy Rain,,Bagalkote,Karnataka,,,,,3.0,,,,3 persons died.,,IMD,,524,29
5015,UEI-IMD-FL-2019-0036,2019-06-22,22-06-2019 00:00,1.0,Heavy Rains,,Uttar Kashia Kannada,Karnataka,,,,,,,,,,i) Damage to more than 50 houses reported. ii) Damage to agricultural land reported,IMD,,,29
5022,UEI-IMD-FL-2019-0043,2019-07-09,09-07-2019 00:00,1.0,Heavy Rain,,Belagavi,Karnataka,,,,,1.0,,,,One person died.,,IMD,,527,29
5017,UEI-IMD-FL-2019-0038,2019-07-20,20-07-2019 00:00,1.0,Heavy Rains,,"Bagalkotee Udupi, Uttar Kashia Kannada",Karnataka,,,,,2.0,,,,"Total 2 persons died, one each from, Bagalkote Uttara Kannada",Damage to houses reported.,IMD,,"None, None",29
5018,UEI-IMD-FL-2019-0039,2019-07-24,24-07-2019 00:00,1.0,Heavy Rains,,Uttar Kashia Kannada,Karnataka,,,,,1.0,,,,One person died.,Partial damage to house reported,IMD,,,29
5023,UEI-IMD-FL-2019-0044,2019-09-23,24-09-2019 00:00,2.0,Heavy Rain,,"Ballari, Dharwad",Karnataka,,,,,2.0,,,,2 persons died in Dharwad Dist.,"Damage to 250 acres of Paddy, Chilli,Cotton crops reported.",IMD,,"528, 536",29
5021,UEI-IMD-FL-2019-0042,2019-10-08,08-11-2019 00:00,2.0,Heavy Rain,,"Bagalkotee Belagavi, Ballari, Chikkaballapura, Kodagu",Karnataka,,,,,,,,274,274 livestock perished,"i) A vast track of paddy fields,banana plantation submerged. ii) Several villages inundated.",IMD,,"None, 528, 630, 541",29
5025,UEI-IMD-FL-2019-0046,2019-10-15,15-10-2019 00:00,1.0,Heavy Rain,,Koppal,Karnataka,,,,,3.0,,,,3 persons died.,,IMD,,543,29
5026,UEI-IMD-FL-2019-0047,2019-10-19,21-10-2019 00:00,3.0,Heavy Rain,,"Ballari, Belagavi, Dharwad, Davangere, Haveri, Koppal, Raichur",Karnataka,,,,,3.0,,,,"Total 3 persons died, one each from Belgaum, Koppal & Raichur Dist.","i) Damage to Paddy crops including Millet Groundnut, Maize, etc. on more than 700 hectares of land reported. ii) Damage to about 150 houses reported. iii) Damage to roads reported.",IMD,,"528, 527, 536, 535, 540, 543, 546",29
5027,UEI-IMD-FL-2019-0048,2019-10-25,25-10-2019 00:00,1.0,Heavy Rain,,"Chikkaballapura, Mysuru, Udupi",Karnataka,,,,,2.0,,,,2 persons died in Udupi Dist,"Extensive damage to Coffee, Areca nut,Banana plantation reported.",IMD,,"630, 545, 549",29
5193,UEI-IMD-FL-2020-0037,2020-01-04,30-04-2020 00:00,30.0,Heavy rains & Flood,,"Bengaluru Rural, Belagavi, Ballari, Beedar, Bijapur, Chamarajanagaraa Chikkaballapura, Chitradurga, Dakshina Kannada, Dharwad, Davangere, Gadag,  Kalaburagi, Hassan, Haveri, Kodagu, Kolar, Koppal, Mandya, Mysuru, Raichur, Ramanagara, Shivamogga, Tumakuru, Udupi, Uttar Kashia Kannada",Karnataka,,,,,12.0,,,121,"Total 12 persons died. Viz.Belgaum��������2,Bijapur��������1, Gadag �������� 1,  Kalaburagi �������� 1, Hassan �������� 1, Raichur �������� 2, Ramanagara �������� 2, Shivamogga �������� 1, Uttara Kannada �������� 1. While, 121 livestock perished. Viz. Bellary�������� 13, Bidar �������� 3, Bijapur �������� 1, Chamarajanagar - 1, Chitradurga �������� 24, Dharwad �������� 10, Gadag�������� 9,  Kalaburagi �������� 10, Hassan�������� 1,Haveri�������� 1, Koppal �������� 7, Mysuru �������� 5, Raichur �������� 15, Ramanagara �������� 15, Tumkur �������� 1, Udupi �������� 4, Uttara Kannada �������� 1.",Damage to 350 houses reported.,IMD,,"526, 527, 528, None, 636, None, 533, 534, 536, 535, 537, 538, 539, 540, 541, 542, 543, 544, 545, 546, 631, 547, 548, 549, None",29
5194,UEI-IMD-FL-2020-0038,2020-01-05,31-05-2020 00:00,31.0,Heavy rains & Flood,,"Bagalkotee, Bengaluru Rural, Bengaluru Urban, Belagavi, Ballari, Beedar, Bijapur, Chamarajanagaraa Chikkaballapura, Chitradurga, Dakshina Kannada, Dharwad, Davangere, Gadag,  Kalaburagi, Hassan, Haveri, Kodagu, Kolar, Koppal, Mandya, Mysuru, Raichur, Shivamogga, Tumakuru, Udupi, Uttar Kashia Kannada, Yadgir",Karnataka,,,,,32.0,,,106,"Total 32 persons died. Viz. Bagalkotee - 1, Bangalore - 2, Belgaum - 4, Bellary - 3, Bijapur -1,Chikkaballapura- 3, Chitradurga - 3, Dakshina Kannada-1, Dharwad -1,Gadag -2,  Kalaburagi-3, Hassan-1,Raichur - 2, Shivamogga -1, Udupi -1, Uttara Kannada - 2, Yadgir -1. While 106 livestock perished. Viz.Bellary -13, Bidar -3,Bijapur-1, Chamarajanagar -1, Chitradurga - 24, Dharwad - 10, Gadag - 9,  Kalaburagi - 10, Hassan - 1, Haveri - 1,Koppal - 7, Mysuru - 5, Raichur - 15, Tumkur - 1, Udupi - 4, Uttara Kannada �������� 1.",Damage to 1115 houses reported.,IMD,,"None, 526, 525, 527, 528, None, 636, None, 533, 534, 536, 535, 537, 538, 539, 540, 541, 542, 543, 544, 545, 546, 547, 548, 549, None, 635",29
5195,UEI-IMD-FL-2020-0039,2020-01-06,30-06-2020 00:00,30.0,Heavy rains & Flood,,"Bagalkotee, Bengaluru Rural, Belagavi, Ballari, Bijapur, Chamarajanagaraa Chitradurga, Dakshina Kannada, Davangere, Dharwad, Gadag,  Kalaburagi, Hassan, Haveri, Mandya, Mysuru, Raichur, Ramanagara, Shivamogga, Udupi, Uttar Kashia Kannada, Yadgir",Karnataka,,,,,11.0,,,98,"Total 11 persons died. Bagalkote- 1, Bengaluru Rural - 1, Chamarajanagar - 1, Dakshina Kannada - 1, Dharwad - 1,  Kalaburagi - 4, Haveri - 1, Uttara Kannada �������� 1. While 98 livestock perished. Belgaum - 17, Bellary - 26, Bijapur - 5, Chamarajanagar - 2, Gadag-8,  Kalaburagi-2,Hassan- 5, Raichur - 5, Ramanagara - 2, Shivamogga - 8, Udupi - 3, Uttara Kannada - 12, Yadgir �������� 3.",Damage to1686 houses reported.,IMD,,"None, 526, 527, 528, 636, None, 534, 535, 536, 537, 538, 539, 540, 544, 545, 546, 631, 547, 549, None, 635",29
5196,UEI-IMD-FL-2020-0040,2020-01-07,31-07-2020 00:00,31.0,Heavy rains & Flood,,"Bagalkotee, Belagavi, Ballari, Beedar, Bijapur, Chamarajanagaraa Chikkaballapura, Chikkaballapura, Chitradurga, Dakshina Kannada, Davangere, Gadag, Haveri, Mysuru, Raichur, Ramanagara, Shivamogga, Tumakuru, Udupi, Uttar Kashia Kannada, Yadgir",Karnataka,,,,,23.0,,,22,"Total 23 persons died. Belgaum - 1, Bellary - 1, Bidar - 4, Bijapur - 2, Chamarajanagar - 1, Chitradurga - 1, Dakshina Kannada-3, Gadag - 1,Haveri - 1, Raichur - 6, Tumkur -1,Udupi �������� 1. While 22 livestock perished. Bagalkote - 2, Belgaum - 2, Bellary - 1, Bijapur - 5, Chikkaballapura - 6, Dakshina Kannada - 2, Shivamogga - 2, Udupi �������� 2.","i) Damage to standing crops including paddy, green gram, cotton, red gram reported. ii) A bridges between 4 villages inundated on 23rd in Yadgir Dist. iii) Damage to 927 houses reported.",IMD,,"None, 527, 528, None, 636, None, 630, 533, 534, 535, 537, 540, 545, 546, 631, 547, 548, 549, None, 635",29
5197,UEI-IMD-FL-2020-0041,2020-01-08,31-08-2020 00:00,31.0,Heavy rains & Flood,,"Bagalkotee, Bengaluru Urban, Belagavi, Ballari, Bijapur, Chamarajanagaraa Chikkaballapura, Chikkaballapura, Dakshina Kannada, Dharwad, Davangere, Gadag,  Kalaburagi, Hassan, Haveri, Kodagu, Koppal, Mandya, Mysuru, Raichur, Shivamogga, Tumakuru, Udupi, Uttar Kashia Kannada, Yadgir",Karnataka,,,,,43.0,,,53,"Total 43 persons died. Bagalkote - 3, Bangalore -2, Belgaum - 2, Chikkaballapura - 2, Chikkaballapura - 6, Dakshina Kannada - 1, Dharwad - 2,  Kalaburagi -3, Hassan -1, Haveri - 1, Kodagu -3, Mandya -1,Mysuru - 1, Raichur - 6, Tumkur - 3,Udupi - 5, Yadgir �������� 1. While 53 livestock perished. Belgaum - 13, Bijapur - 1, Chikkaballapura - 2, Dakshina, Kannada-2, Dharwad-1, Gadag- 1, Hassan-1, Kodagu -14,Mysuru - 2, Shivamogga - 6, Udupi - 2, Uttara Kannada - 7, Yadgir �������� 1.","Damage to 9,148 houses reported.",IMD,,"None, 525, 527, 528, 636, None, 630, 534, 536, 535, 537, 538, 539, 540, 541, 543, 544, 545, 546, 547, 548, 549, None, 635",29
5198,UEI-IMD-FL-2020-0042,2020-01-09,30-09-2020 00:00,30.0,Heavy rains & Flood,,"Bagalkotee, Bengaluru Urban, Belagavi, Ballari, Beedar, Bijapur, Chamarajanagaraa Chikkaballapura, Chitradurga, Dakshina Kannada, Dharwad, Davangere, Gadag,  Kalaburagi, Hassan, Haveri, Kodagu, Kolar, Koppal, Mysuru, Raichur, Ramanagara, Tumakuru, Udupi, Uttar Kashia Kannada, Yadgir",Karnataka,,,,,22.0,,,178,"Total 22 persons died. Bagalkote -1,Belgaum - 1, Bidar - 1, Bijapur - 1, Chikkaballapura - 6, Chitradurga - 3, Dharwad - 2, Haveri - 1, Kodagu - 3, Raichur - 2, Udupi �������� 1. While 178 livestock perished. Bagalkot - 7,Bangalore - 2, Belgaum - 20, Bellary - 13, Bidar - 37, Bijapur - 1, Chikkaballapura - 12, Dakshina Kannada - 4, Gadag - 1, Hassan - 2, Haveri -2, Kodagu - 25, Koppal - 4, Mysuru - 11, Udupi - 1, Uttara Kannada �������� 36.","i) Damage to the standing crops such as green chilli, cotton, paddy,red gram reported. ii) Damage to 2745 houses reported. iii) Bridges submerged. iv) Low-lying areas flooded.",IMD,,"None, 525, 527, 528, None, 636, None, 533, 534, 536, 535, 537, 538, 539, 540, 541, 542, 543, 545, 546, 631, 548, 549, None, 635",29
5199,UEI-IMD-FL-2020-0043,2020-01-10,31-10-2020 00:00,31.0,Heavy rains & Flood,,"Bagalkotee, Bengaluru Rural, Bengaluru Urban, Belagavi, Ballari, Beedar, Bijapur, Chamarajanagaraa Chikkaballapura, Chitradurga, Dakshina Kannada, Dharwad, Davangere, Gadag,  Kalaburagi, Hassan, Haveri, Kodagu, Koppal, Mandya, Mysuru, Raichur, Ramanagara, Shivamogga, Tumakuru, Udupi, Uttar Kashia Kannada, Yadgir",Karnataka,,,,,5.0,,,1170,"Total 5 persons died. Viz. Bagalkote �������� 1 farmer washed away, Gadag - 1 woman died on 14th, Kalaburagi �������� 3 [2",i) Damage to 812562.38 hectares of cropland reported. ii) Damage to 24573 houses reported. iii) The old bridge collapsed in Belagavi districts.,IMD,,"None, 526, 525, 527, 528, None, 636, None, 533, 534, 536, 535, 537, 538, 539, 540, 541, 543, 544, 545, 546, 631, 547, 548, 549, None, 635",29
5356,UEI-IMD-FL-2021-0047,2021-04-06,06-04-2021 00:00,1.0,Heavy rains,,Yadgir,Karnataka,,,,,,1.0,,,,,IMD,,635,29
5357,UEI-IMD-FL-2021-0048,2021-04-11,12-04-2021 00:00,2.0,Heavy rains,,Dakshina Kannada,Karnataka,,,,,,,,,,,IMD,,534,29
5358,UEI-IMD-FL-2021-0049,2021-04-11,12-04-2021 00:00,2.0,Heavy rains,,Davangere����,Karnataka,,,,,1.0,,,,,,IMD,,,29
5359,UEI-IMD-FL-2021-0050,2021-07-22,24-07-2021 00:00,3.0,"Heavy rains, Flood & Landslides",, Belagavi,Karnataka,,,,,2.0,,,,,,IMD,,527,29
5360,UEI-IMD-FL-2021-0051,2021-07-22,24-07-2021 00:00,3.0,"Heavy rains, Flood & Landslides",,Chikkaballapura,Karnataka,,,,,1.0,,,,,,IMD,,630,29
5361,UEI-IMD-FL-2021-0052,2021-07-22,24-07-2021 00:00,3.0,"Heavy rains, Flood & Landslides",,Dharwad,Karnataka,,,,,1.0,,,,,,IMD,,536,29
5362,UEI-IMD-FL-2021-0053,2021-07-22,24-07-2021 00:00,3.0,"Heavy rains, Flood & Landslides",,Haveri,Karnataka,,,,,1.0,,,,,,IMD,,540,29
5363,UEI-IMD-FL-2021-0054,2021-07-22,24-07-2021 00:00,3.0,"Heavy rains, Flood & Landslides",,Uttar Kashia Kannada  ,Karnataka,,,,,4.0,,,,,,IMD,,,29
5364,UEI-IMD-FL-2021-0055,2021-07-22,24-07-2021 00:00,3.0,"Heavy rains, Flood & Landslides",," Belagavi, Chikkaballapura, Dharwad, Haveri, Kodagu, Shivamogga, Uttar Kashia Kannada  ",Karnataka,,,,,,,3,78,,,IMD,,"527, 630, 536, 540, 541, 547, None",29
5365,UEI-IMD-FL-2021-0056,2021-10-03,06-10-2021 00:00,4.0,Heavy Rains,,Belagavi,Karnataka,,,,,7.0,,,,,,IMD,,527,29
5366,UEI-IMD-FL-2021-0057,2021-10-03,06-10-2021 00:00,4.0,Heavy Rains,,Tumakuru ,Karnataka,,,,,1.0,1.0,,,,,IMD,,548,29
5367,UEI-IMD-FL-2021-0058,2021-11-15,20-11-2021 00:00,6.0,Heavy Rains & Floods,,"Chitradurga, ",Karnataka,,,,,6.0,,,,,,IMD,,"533, 603",29
5368,UEI-IMD-FL-2021-0059,2021-11-15,20-11-2021 00:00,6.0,Heavy Rains & Floods,,Chikkaballapura,Karnataka,,,,,1.0,,,,,,IMD,,630,29
5369,UEI-IMD-FL-2021-0060,2021-11-15,20-11-2021 00:00,6.0,Heavy Rains & Floods,,Tumakuru ,Karnataka,,,,,1.0,,,,,,IMD,,548,29
5370,UEI-IMD-FL-2021-0061,2021-11-15,20-11-2021 00:00,6.0,Heavy Rains & Floods,,Parts of Karnataka,Karnataka,,,,,7.0,,,,,,IMD,,,29
6131,UEI-IMD-FL-2022-0485,2022-04-14,14-04-2022 00:00,1.0,Heavy Rain,,Bengaluru Urban,Karnataka,,,,,1.0,,,,,,IMD,,525,29
6132,UEI-IMD-FL-2022-0486,2022-05-01,01-05-2022 00:00,1.0,Heavy Rains,,Bengaluru Urban,Karnataka,,,,,,2.0,,,,,IMD,,525,29
6133,UEI-IMD-FL-2022-0487,2022-05-01,01-05-2022 00:00,1.0,Heavy Rains,,Dharwad,Karnataka,,,,,1.0,1.0,,,,,IMD,,536,29
6134,UEI-IMD-FL-2022-0488,2022-05-04,04-05-2022 00:00,1.0,Heavy Rains,,Dharwad,Karnataka,,,,,1.0,2.0,,,,,IMD,,536,29
6149,UEI-IMD-FL-2022-0503,2022-05-17,20-05-2022 00:00,4.0,Heavy Rains & Floods,,,Karnataka,,,,,,,,,,,IMD,,,29
6148,UEI-IMD-FL-2022-0502,2022-05-17,20-05-2022 00:00,4.0,Heavy Rains & Floods,,Udupi ,Karnataka,,,,,,,,,,,IMD,,549,29
6138,UEI-IMD-FL-2022-0492,2022-05-17,20-05-2022 00:00,4.0,Heavy Rains & Floods,,Bengaluru Urban,Karnataka,,,,,,,,,,,IMD,,525,29
6139,UEI-IMD-FL-2022-0493,2022-05-17,20-05-2022 00:00,4.0,Heavy Rains & Floods,,Chikkaballapura,Karnataka,,,,,,,,,,,IMD,,630,29
6140,UEI-IMD-FL-2022-0494,2022-05-17,20-05-2022 00:00,4.0,Heavy Rains & Floods,,Dakshina Kannada,Karnataka,,,,,,,,,,,IMD,,534,29
6141,UEI-IMD-FL-2022-0495,2022-05-17,20-05-2022 00:00,4.0,Heavy Rains & Floods,,Davangere,Karnataka,,,,,,,,,,,IMD,,535,29
6142,UEI-IMD-FL-2022-0496,2022-05-17,20-05-2022 00:00,4.0,Heavy Rains & Floods,,Hassan,Karnataka,,,,,,,,,,,IMD,,539,29
6143,UEI-IMD-FL-2022-0497,2022-05-17,20-05-2022 00:00,4.0,Heavy Rains & Floods,,Kodagu,Karnataka,,,,,,,,,,,IMD,,541,29
6144,UEI-IMD-FL-2022-0498,2022-05-17,20-05-2022 00:00,4.0,Heavy Rains & Floods,,Koppal,Karnataka,,,,,,,,,,,IMD,,543,29
6145,UEI-IMD-FL-2022-0499,2022-05-17,20-05-2022 00:00,4.0,Heavy Rains & Floods,,Mandya,Karnataka,,,,,,,,,,,IMD,,544,29
6146,UEI-IMD-FL-2022-0500,2022-05-17,20-05-2022 00:00,4.0,Heavy Rains & Floods,, Shivamogga,Karnataka,,,,,,,,,,,IMD,,547,29
6147,UEI-IMD-FL-2022-0501,2022-05-17,20-05-2022 00:00,4.0,Heavy Rains & Floods,,Uttar Kashia Kannada,Karnataka,,,,,,,,,,,IMD,,,29
6135,UEI-IMD-FL-2022-0489,2022-05-18,18-05-2022 00:00,1.0,Heavy Rains,,Hassan,Karnataka,,,,,1.0,,,,,,IMD,,539,29
6137,UEI-IMD-FL-2022-0491,2022-05-19,19-05-2022 00:00,1.0,Heavy Rains & Floods,,Yadgir,Karnataka,,,,,,1.0,,,,,IMD,,635,29
6136,UEI-IMD-FL-2022-0490,2022-05-19,19-05-2022 00:00,1.0,Heavy Rains & Floods,,Shivamogga,Karnataka,,,,,1.0,,,,,,IMD,,547,29
6150,UEI-IMD-FL-2022-0504,2022-07-04,04-07-2022 00:00,1.0,Heavy Rains,,Chikkaballapura,Karnataka,,,,,1.0,,,,,,IMD,,630,29
6151,UEI-IMD-FL-2022-0505,2022-07-04,04-07-2022 00:00,1.0,Heavy Rains,,Kodagu,Karnataka,,,,,,,,,,,IMD,,541,29
6152,UEI-IMD-FL-2022-0506,2022-07-04,04-07-2022 00:00,1.0,Heavy Rains,,Uttar Kashia Kannada,Karnataka,,,,,,7.0,,,,,IMD,,,29
6153,UEI-IMD-FL-2022-0507,2022-07-06,06-07-2022 00:00,1.0,Landslide,,Dakshina Kannada ,Karnataka,,,,,3.0,2.0,,,,,IMD,,534,29
6154,UEI-IMD-FL-2022-0508,2022-07-22,23-07-2022 00:00,2.0,Heavy rains & Floods,,Beedar,Karnataka,,,,,,,,,,,IMD,,,29
6155,UEI-IMD-FL-2022-0509,2022-07-22,23-07-2022 00:00,2.0,Heavy rains & Floods,, Kalaburagi ,Karnataka,,,,,,,,,,,IMD,,538,29
6156,UEI-IMD-FL-2022-0510,2022-07-22,22-07-2022 00:00,1.0,Heavy rains & Floods,, Kalaburagi ,Karnataka,,,,,1.0,,,,,,IMD,,538,29
6158,UEI-IMD-FL-2022-0512,2022-08-01,01-08-2022 00:00,1.0,Landslide,,Uttar Kashia Kannada,Karnataka,,,,,4.0,,,,,,IMD,,,29
6157,UEI-IMD-FL-2022-0511,2022-08-01,01-08-2022 00:00,1.0,Landslide,,Dakshina Kannada,Karnataka,,,,,2.0,,,,,,IMD,,534,29
6159,UEI-IMD-FL-2022-0513,2022-08-04,04-08-2022 00:00,1.0,Heavy rains & Floods,,Tumakuru,Karnataka,,,,,2.0,,,,,,IMD,,548,29
6160,UEI-IMD-FL-2022-0514,2022-08-08,08-08-2022 00:00,1.0,Heavy Rains,,Belagavi,Karnataka,,,,,,1.0,,,,,IMD,,527,29
6161,UEI-IMD-FL-2022-0515,2022-08-30,31-08-2022 00:00,2.0,Heavy rains & Floods,,Dharwad,Karnataka,,,,,2.0,,,,,,IMD,,536,29
6162,UEI-IMD-FL-2022-0516,2022-08-30,31-08-2022 00:00,2.0,Heavy rains & Floods,,Haveri,Karnataka,,,,,1.0,,,,,,IMD,,540,29
6163,UEI-IMD-FL-2022-0517,2022-08-30,31-08-2022 00:00,2.0,Heavy rains & Floods,,Vijayapura,Karnataka,,,,,,,,,,,IMD,,530,29
6164,UEI-IMD-FL-2022-0518,2022-08-31,31-08-2022 00:00,1.0,Heavy rains & Floods,,Haveri,Karnataka,,,,,1.0,,,,,,IMD,,540,29
6165,UEI-IMD-FL-2022-0519,2022-09-04,05-09-2022 00:00,2.0,Heavy rains & Floods,,Bengaluru Urban,Karnataka,,,,,2.0,,,,,,IMD,,525,29
6169,UEI-IMD-FL-2022-0523,2022-09-06,06-09-2022 00:00,1.0,Heavy rains & Floods,,Mandya,Karnataka,,,,,,,,,,,IMD,,544,29
6168,UEI-IMD-FL-2022-0522,2022-09-06,06-09-2022 00:00,1.0,Heavy rains & Floods,,Kodagu,Karnataka,,,,,,,,,,,IMD,,541,29
6170,UEI-IMD-FL-2022-0524,2022-09-06,06-09-2022 00:00,1.0,Heavy rains & Floods,,Mysuru,Karnataka,,,,,,,,804,,,IMD,,545,29
6166,UEI-IMD-FL-2022-0520,2022-09-06,06-09-2022 00:00,1.0,Heavy rains & Floods,,Belagavi,Karnataka,,,,,,,,,,,IMD,,527,29
6167,UEI-IMD-FL-2022-0521,2022-09-06,06-09-2022 00:00,1.0,Heavy rains & Floods,,Chamarajanagara,Karnataka,,,,,1.0,,,,,,IMD,,531,29
6171,UEI-IMD-FL-2022-0525,2022-09-09,09-09-2022 00:00,1.0,Heavy rains & Floods,,Belagavi,Karnataka,,,,,1.0,,,,,,IMD,,527,29
6172,UEI-IMD-FL-2022-0526,2022-09-09,09-09-2022 00:00,1.0,Heavy rains & Floods,, Kalaburagi,Karnataka,,,,,,,,,,,IMD,,538,29
6173,UEI-IMD-FL-2022-0527,2022-09-09,09-09-2022 00:00,1.0,Heavy rains & Floods,,Uttar Kashia Kannada ,Karnataka,,,,,,,,,,,IMD,,,29
6174,UEI-IMD-FL-2022-0528,2022-09-09,09-09-2022 00:00,1.0,Heavy rains & Floods,,Vijayapura,Karnataka,,,,,,,,,,,IMD,,530,29
6175,UEI-IMD-FL-2022-0529,2022-09-11,11-09-2022 00:00,1.0,Heavy rains,,Belagavi,Karnataka,,,,,1.0,,,,,,IMD,,527,29
6176,UEI-IMD-FL-2022-0530,2022-09-12,12-09-2022 00:00,1.0,Heavy rains & Floods,,Belagavi,Karnataka,,,,,,,,,,,IMD,,527,29
6177,UEI-IMD-FL-2022-0531,2022-09-12,12-09-2022 00:00,1.0,Heavy rains & Floods,,Gadag,Karnataka,,,,,,,,,,,IMD,,537,29
6178,UEI-IMD-FL-2022-0532,2022-09-12,12-09-2022 00:00,1.0,Heavy rains & Floods,,Uttar Kashia Kannada,Karnataka,,,,,1.0,,,,,,IMD,,,29
6179,UEI-IMD-FL-2022-0533,2022-10-01,01-10-2022 00:00,1.0,Heavy rains & Floods,,Koppal,Karnataka,,,,,4.0,,,,,,IMD,,543,29
6180,UEI-IMD-FL-2022-0534,2022-10-11,11-10-2022 00:00,1.0,Heavy rains,,Bengaluru Urban,Karnataka,,,,,2.0,3.0,,,,,IMD,,525,29
7121,UEI-IMD-FL-2023-0336,2023-05-21,21-05-2023 00:00,1.0,Heavy Rains & Floods,,Bengaluru Rural,Karnataka,,,,,2.0,,,,,,IMD,,526,29
7122,UEI-IMD-FL-2023-0337,2023-07-05,05-07-2023 00:00,1.0,Heavy Rains,,"Beedar, Kalaburagi, Belagavi, Yadgir, Bagalkotee, Raichur, Koppal, Gadag, Ballari, Dharwad, Uttar Kashia Kannada, Haveri, Chitradurga, Davangere, Shivamogga, Udupi, Chikkamagaluru, Chikkaballapura, Hassan, Kolar, Bengaluru Rural, Dakshina Kannada, Bengaluru Urban, Kodagu, Chamarajanagaraa, Tumakuru, Ramanagara, Mandya, Mysuru, Vijayapura",Karnataka,,,,,,,,,,,IMD,,"None, 538, 527, 635, None, 546, 543, 537, 528, 536, None, 540, 533, 535, 547, 549, 532, 630, 539, 542, 526, 534, 525, 541, None, 548, 631, 544, 545, 530",29
7123,UEI-IMD-FL-2023-0338,2023-07-05,05-07-2023 00:00,1.0,Heavy Rains,,Chikkamagaluru,Karnataka,,,,,,,,,,,IMD,,532,29
7124,UEI-IMD-FL-2023-0339,2023-07-05,05-07-2023 00:00,1.0,Heavy Rains,,Dakshina Kannada,Karnataka,,,,,2.0,,,,,,IMD,,534,29
7125,UEI-IMD-FL-2023-0340,2023-07-05,05-07-2023 00:00,1.0,Heavy Rains,,Kodagu,Karnataka,,,,,,,,,,,IMD,,541,29
7126,UEI-IMD-FL-2023-0341,2023-07-05,05-07-2023 00:00,1.0,Heavy Rains,,Udupi,Karnataka,,,,,,,,,,,IMD,,549,29
7127,UEI-IMD-FL-2023-0342,2023-07-05,05-07-2023 00:00,1.0,Heavy Rains,,Uttar Kashia Kannada,Karnataka,,,,,,,,,,,IMD,,,29
7128,UEI-IMD-FL-2023-0343,2023-07-23,23-07-2023 00:00,1.0,Heavy Rains & Floods,,Dakshina Kannada,Karnataka,,,,,,1.0,,,,,IMD,,534,29
7129,UEI-IMD-FL-2023-0344,2023-07-23,23-07-2023 00:00,1.0,Heavy Rains & Floods,,Udupi ,Karnataka,,,,,1.0,,,,,,IMD,,549,29
7130,UEI-IMD-FL-2023-0345,2023-07-25,25-07-2023 00:00,1.0,Heavy Rains & Floods,,Dakshina Kannada,Karnataka,,,,,4.0,,,,,,IMD,,534,29
7131,UEI-IMD-FL-2023-0346,2023-07-25,25-07-2023 00:00,1.0,Heavy Rains & Floods,,Vijayapura,Karnataka,,,,,,,,,,,IMD,,530,29
7132,UEI-IMD-FL-2023-0347,2023-07-25,25-07-2023 00:00,1.0,Heavy Rains & Floods,,Udupi,Karnataka,,,,,,,,,,,IMD,,549,29
2972,UEI-IMD-FL-2001-0043,,,1.0,heavy rains,,"Bengaluru Rural, Bengaluru Rural",Karnataka,,,,,,2.0,,,A couple injured due to wall collapse,Standing crop in 450 acres submerged,IMD,,"526, 526",29
